Period,Team,Start Time,End Time,From,To,Start X,Start Y,End X,End Y,progression,angle,distance_goal,nearest_opponent,count_2m,count_6m,speed,eliminated,danger_score
1,Away,0.04,0.12,Player19,Player21,0.45,0.39,0.55,0.43,-0.09118725814914569,-0.8137171621207521,0.5544366510251645,0.003625051723768891,1.0,2.0,1.3462912017836266,0.0,0.2633393125083153
1,Away,0.12,0.68,Player21,Player15,0.55,0.43,0.58,0.21,-0.09402306244977454,-0.259126461163578,0.648459713474939,0.1295870927214589,0.0,0.0,0.39649291627097344,0.0,0.2684557795328255
1,Away,1.8,2.44,Player15,Player19,0.55,0.19,0.45,0.31,0.14288077503379143,0.9348952581013227,0.4884669896727925,0.04585979720844829,0.0,1.0,0.24407030237208302,2.0,0.7184177859960597
1,Away,3.08,3.84,Player19,Player21,0.45,0.32,0.49,0.47,-0.006252675703237731,0.11961529279977637,0.4909175083453431,0.06998802254671865,0.0,0.0,0.20426545652973713,0.0,0.44407009770816525
1,Away,7.64,8.68,Player21,Player22,0.4,0.73,0.32,0.98,-0.11547732427186508,-0.21054219821180958,0.5768882040742382,0.10042976700162162,0.0,0.0,0.2523923990078209,2.0,0.3532849727281617
1,Away,11.16,12.12,Player22,Player17,0.39,0.96,0.49,0.98,-0.0828545742531166,-0.783703265977569,0.6859300255857007,0.11644800599409158,0.0,0.0,0.10622957319984977,0.0,0.182638901044161
1,Home,19.92,21.44,Player2,Player9,0.36,0.67,0.53,0.59,0.18365388068551625,0.9837976381240051,0.4785394445602159,0.022130822397732938,0.0,4.0,0.12360719886878914,5.0,0.8422640786461748
1,Home,21.44,22.24,Player9,Player10,0.53,0.59,0.5,0.65,-0.043475880885311624,-0.6074311853072658,0.5220153254455275,0.034752358193365855,0.0,2.0,0.08385254915624249,0.0,0.3218198697298499
1,Away,30.52,31.36,Player16,Player19,0.58,0.27,0.51,0.33,0.08635189736363547,0.945670159826971,0.5375872022286244,0.018630067095960802,1.0,1.0,0.10975648163443912,2.0,0.6562624405934614
1,Away,31.36,32.16,Player19,Player20,0.51,0.33,0.57,0.47,-0.033201725484588995,-0.08304446566734262,0.5707889277132134,0.06611690630995974,0.0,0.0,0.19039432764659833,0.0,0.3817609153129467
1,Away,33.36,35.24,Player20,Player22,0.53,0.53,0.44,0.92,-0.07742787543034191,0.16943327540631167,0.6082762530298219,0.22229284761323295,0.0,0.0,0.21289889464031353,1.0,0.31787270510623117
1,Away,39.04,40.4,Player22,Player17,0.36,0.96,0.48,0.86,-0.015876725339590725,0.03068695858405025,0.6,0.13362791699341867,0.0,0.0,0.11485661288098026,0.0,0.35575798480300924
1,Home,45.36,46.16,Player5,Player6,0.32,0.89,0.31,0.78,0.03925293624538184,0.4169282541602158,0.7446475676452585,0.05154673316515804,0.0,1.0,0.13806701271484123,0.0,0.46465450362767224
1,Home,46.16,47.08,Player6,Player10,0.31,0.78,0.41,0.74,0.10770173007349126,0.9999750941361388,0.6369458375717673,0.07672588676581062,0.0,0.0,0.11706880015509769,2.0,0.6543127680340218
1,Home,49.04,50.64,Player10,Player8,0.46,0.68,0.56,0.34,0.10102198240152338,0.5710616573562987,0.46818799642878495,0.04799433820775116,0.0,1.0,0.2215005643333667,1.0,0.615451364920782
1,Home,85.72,87.36,Player6,Player10,1.0,0.01,0.9,0.09,0.06798104307981612,0.6246850925114761,0.4220189569201839,0.08944782222055495,0.0,0.0,0.078086880944303,0.0,0.5622635186938829
1,Home,90.52,91.56,Player10,Player9,0.89,0.14,0.92,0.47,0.2909905670411989,0.9788724080760348,0.08544003745317529,0.0037507332616436738,1.0,4.0,0.3186161831880921,2.0,0.8799437831432669
1,Away,147.0,148.12,Player19,Player21,0.49,0.5,0.58,0.52,-0.0903447251418763,-0.9761654520188086,0.5803447251418763,0.13495903119095065,0.0,0.0,0.08231736122582899,0.0,0.16023745088637573
1,Away,151.2,152.2,Player21,Player20,0.57,0.53,0.58,0.73,-0.05315017187904647,-0.10236095660125637,0.6239390995922599,0.10238859018464892,0.0,0.0,0.2002498439450078,0.0,0.3329887150828742
1,Away,153.16,154.16,Player20,Player22,0.57,0.76,0.52,0.98,-0.08117403621108199,-0.2030486481656462,0.7076722405181654,0.07569085347649344,0.0,0.0,0.22561028345356954,1.0,0.32855036382257724
1,Away,155.28,156.28,Player22,Player17,0.55,0.95,0.69,0.87,-0.07230964506494053,-0.35780606975208273,0.7829431652425353,0.07264591179137336,0.0,0.0,0.1612451549659709,0.0,0.26356374709045843
1,Away,157.2,159.76,Player17,Player25,0.71,0.86,0.93,0.55,-0.13529035407954948,-0.14738647986527248,0.9313431161500042,0.1801718318716886,0.0,0.0,0.14848888913084526,0.0,0.1618609789764414
1,Home,175.44,177.8,Player1,Player10,0.49,1.01,0.55,0.84,0.1572453707221355,0.9021272835291271,0.564003546088143,0.023594247180192117,0.0,3.0,0.07638879820898241,2.0,0.713289026784916
1,Away,202.28,203.24,Player22,Player19,0.58,1.01,0.57,0.89,0.08168225859270484,0.7204119494560927,0.6906518659932803,0.05041476371064334,0.0,2.0,0.1254332768624187,0.0,0.54729783173763
1,Home,205.96,208.08,Player2,Player1,0.24,0.82,0.32,0.89,0.04072062123289166,0.43805898435224444,0.7839005038906404,0.03911730179856483,0.0,1.0,0.05014219722988034,2.0,0.5198962705998389
1,Away,215.4,216.48,Player17,Player20,0.59,0.89,0.54,0.85,0.06374216667563015,0.9958712157497818,0.6435060217278468,0.054683837648797154,0.0,1.0,0.059288187383638336,1.0,0.6174440998073161
1,Away,217.24,218.84,Player20,Player18,0.55,0.83,0.45,0.5,0.19140470843298302,0.7410609331172057,0.45,0.024744700442721052,0.0,1.0,0.2155117456195841,3.0,0.7594687104540666
1,Home,225.08,226.52,Player1,Player2,0.14,0.6,0.18,0.53,0.0452458359000969,0.593092800426612,0.8205485969764376,0.053366612221500444,0.0,1.0,0.05598790102985109,2.0,0.5292889063053966
1,Home,226.52,227.4,Player2,Player8,0.18,0.53,0.24,0.4,0.05399788110696557,0.45196997682399254,0.766550715869472,0.11962342997924776,0.0,0.0,0.16270251208268668,2.0,0.48207455650432857
1,Home,230.44,232.36,Player8,Player10,0.39,0.29,0.6,0.09,0.07233550498678498,0.4602054889851991,0.5728001396647875,0.1311318592104909,0.0,0.0,0.1510416666666654,2.0,0.5301870241544822
1,Away,267.4,271.16,Player25,Player18,0.95,0.45,0.53,0.04,0.24953143714111226,0.6778696710306501,0.7017834423809101,0.007052162788818751,1.0,1.0,0.1561013892641383,5.0,0.7412384802271635
1,Away,274.52,275.44,Player21,Player20,0.53,0.29,0.54,0.37,0.014659949469616351,0.25020157121285,0.5554277630799527,0.03459408330914406,0.0,2.0,0.08763323639454795,0.0,0.48077817081141133
1,Away,276.2,277.84,Player20,Player22,0.52,0.41,0.46,0.78,-0.010785488635099982,0.32606693207268234,0.5385164807134505,0.19745896029301888,0.0,0.0,0.22855688797550575,1.0,0.4080705150113108
1,Home,281.64,285.92,Player3,Player4,0.1,0.42,0.03,0.03,-0.17431970668741015,-0.2631166708603057,1.0778682665335315,0.1881660333322675,0.0,0.0,0.0925776297016767,1.0,0.11051687424563013
1,Away,288.12,290.64,Player18,Player21,0.13,0.01,0.2,0.11,0.06865953420924054,0.644772018177688,0.4382921400162225,0.026348292164768503,0.0,2.0,0.04843871276084838,0.0,0.6027543747154424
1,Away,290.64,291.6,Player21,Player18,0.2,0.11,0.18,0.04,-0.055671421392916254,-0.730198091041381,0.4939635614091388,0.02061661950951222,0.0,1.0,0.07583447801333587,2.0,0.3658840646779276
1,Away,293.36,295.48,Player18,Player15,0.24,0.02,0.38,0.08,-0.029735775740302284,-0.058721303569454326,0.5663920903402518,0.09020845304072121,0.0,0.0,0.07184691609305559,0.0,0.3702121588885922
1,Away,296.16,297.08,Player15,Player23,0.38,0.08,0.25,0.21,0.18350829595871887,0.9987427475638537,0.38288379438153297,0.043697489630412416,0.0,1.0,0.19983452511794625,4.0,0.8276297659915405
1,Away,300.76,302.24,Player19,Player18,0.26,0.29,0.29,0.07,-0.1844365998542294,-0.7276756814474207,0.5186520991955975,0.16379661931798226,0.0,0.0,0.15002434669712328,0.0,0.15279314692685406
1,Away,304.12,305.28,Player18,Player19,0.29,0.07,0.3,0.24,0.12166343437001331,0.7947985316573046,0.3969886648255842,0.05195481305904202,0.0,1.0,0.1468050548786799,0.0,0.64726565619273
1,Away,346.0,347.44,Player15,Player16,0.66,0.35,0.75,0.38,-0.08270848370962103,-0.8549961915170122,0.7595393340703297,0.039298342204220287,0.0,1.0,0.06588078458684132,0.0,0.20349593684858225
1,Away,354.72,355.68,Player18,Player19,0.77,-0.01,0.72,0.1,0.09992957984254536,0.8476885192662638,0.82365041127896,0.07703928673086222,0.0,0.0,0.12586506222494614,1.0,0.5547248927158671
1,Away,368.6,370.2,Player23,Player18,0.06,0.0,0.22,0.06,0.011652177430613142,0.23706043135130742,0.4919349550499537,0.15988740037914184,0.0,0.0,0.10680004681647141,0.0,0.4104972708172138
1,Away,372.24,373.48,Player18,Player19,0.18,0.11,0.24,0.3,0.1171246448620244,0.7396141255310327,0.3124099870362662,0.0703891142151967,0.0,0.0,0.16068434552557362,0.0,0.644363611923525
1,Home,375.6,377.68,Player6,Player10,0.29,0.38,0.55,0.13,0.13748897455060738,0.595243674281646,0.5825804665451803,0.09235764884404543,0.0,0.0,0.17341046920068823,4.0,0.6606627481221496
1,Home,383.96,385.12,Player10,Player8,0.87,0.29,0.96,0.37,0.11096707561721497,0.9582555402624641,0.13601470508735444,0.05071607634665751,0.0,1.0,0.10380684981717271,3.0,0.8113879983441147
1,Home,415.48,416.72,Player6,Player10,0.99,0.01,0.94,0.09,0.07573504309170048,0.8369896107718523,0.4143669871020133,0.08192025024375839,0.0,0.0,0.07608049300045595,0.0,0.6070698777807334
1,Home,418.12,419.08,Player10,Player6,0.94,0.09,0.87,0.1,-0.006227829794248518,-0.0034128329274425886,0.4205948168962618,0.06322585863394817,0.0,0.0,0.07365695637360023,0.0,0.4425733078132272
1,Home,419.72,421.08,Player6,Player5,0.86,0.11,0.78,0.36,0.15359889089390732,0.7934362608400785,0.2607680962081059,0.12108713969699672,0.0,0.0,0.19300595218245742,0.0,0.6500821933910028
1,Home,422.04,423.96,Player5,Player7,0.79,0.36,0.74,0.64,-0.042907871922188756,0.3997899476750266,0.295296461204668,0.08343567162790749,0.0,0.0,0.14814023597216872,0.0,0.5083656047755265
1,Home,428.32,429.68,Player8,Player3,0.83,0.51,0.83,0.54,-0.004348628306465818,-0.05871052994804241,0.17464249196572987,0.022911597499956166,0.0,4.0,0.02205882352941156,0.0,0.5180650382038279
1,Away,463.44,464.76,Player25,Player17,0.78,0.55,0.7,0.79,0.023907051606180674,0.25489028946611003,0.7576938695805846,0.21261519983293758,0.0,0.0,0.19165319152535734,0.0,0.3235075957170393
1,Away,466.96,468.04,Player17,Player22,0.65,0.83,0.57,0.97,-0.009810903946251281,0.04934314761170191,0.7387827826905551,0.08700961613522948,0.0,0.0,0.1493010694129305,2.0,0.41412062998879706
1,Away,469.08,470.52,Player22,Player20,0.58,0.94,0.54,0.73,0.14106976529488413,0.7427779600271701,0.5869412236331676,0.05131590201877002,0.0,1.0,0.14845526615577764,0.0,0.6035903367919939
1,Away,471.52,472.48,Player20,Player19,0.53,0.71,0.5,0.52,0.06968787242169683,0.5088475595973849,0.5003998401278722,0.05706843085279287,0.0,1.0,0.20036858397573554,0.0,0.549447966398905
1,Away,473.24,474.44,Player19,Player24,0.5,0.55,0.39,0.4,0.09987733827209655,0.6686619805549223,0.4026164427839479,0.09605302962426533,0.0,0.0,0.1550089603144871,4.0,0.69443886821298
1,Away,475.28,476.72,Player24,Player18,0.39,0.41,0.32,0.1,-0.1120000170708379,-0.004716891574677532,0.5122499389946279,0.10422547529275174,0.0,0.0,0.22069789697319583,1.0,0.37345051870337614
1,Home,541.72,545.0,Player11,Player5,0.04,0.44,0.5,0.86,0.3457563004829093,0.7791058183642519,0.6161168720299746,0.008812269855150812,1.0,1.0,0.1899074573463118,3.0,0.7692037575746489
1,Home,545.0,545.64,Player5,Player1,0.5,0.86,0.42,0.84,-0.05619258052888998,-0.6455765364510198,0.6723094525588645,0.0638416079058164,0.0,0.0,0.12884705080055467,0.0,0.2558753050808223
1,Home,582.96,584.28,Player4,Player9,0.86,-0.02,0.96,0.1,0.13652145586861486,0.9082267387059223,0.4019950248448356,0.015112809136623136,1.0,2.0,0.11833711630162168,7.0,0.8436909062880568
1,Home,584.28,585.48,Player9,Player4,0.96,0.1,0.83,0.01,-0.116657074350762,-0.6481860809340194,0.5186520991955976,0.07274118503296467,0.0,0.0,0.13176156917367748,0.0,0.2572484579712458
1,Home,585.48,586.64,Player4,Player8,0.83,0.01,0.92,0.21,0.21781992006577117,0.9960414542326255,0.30083217912982646,0.04758163090941714,0.0,1.0,0.18906648447811994,7.0,0.9412087303734507
1,Away,590.88,591.72,Player21,Player19,0.91,0.35,0.83,0.31,0.07081046571718641,0.8097734157121821,0.85146931829632,0.03795562145453555,0.0,1.0,0.10647942749998601,1.0,0.5533680820907567
1,Away,591.72,592.6,Player19,Player16,0.83,0.31,0.92,0.37,-0.07767006844820934,-0.6872853084519907,0.9291393867445293,0.1008040257132621,0.0,0.0,0.1229165207544549,0.0,0.15379717351083227
1,Away,593.36,594.8,Player16,Player21,0.91,0.35,0.8,0.12,0.036616190994125164,0.27898613792435334,0.8856635930193812,0.05598317604423678,0.0,1.0,0.1770492886664234,3.0,0.4866057565780987
1,Away,594.8,595.6,Player21,Player18,0.8,0.12,0.83,0.13,-0.023071792007525294,-0.7212188526726251,0.9087353850269065,0.07701258923059266,0.0,0.0,0.03952847075210127,0.0,0.1930194881634759
1,Away,595.6,596.96,Player18,Player24,0.83,0.13,0.59,0.12,0.2069519426459966,0.8956110151049156,0.70178344238091,0.021551023177566252,0.0,1.0,0.1766237080803558,5.0,0.7877007479892
1,Home,601.72,604.36,Player2,Player11,0.33,0.13,0.16,0.43,-0.0775358957893626,-0.010988305905982619,0.8429116205154606,0.11258749886199623,0.0,0.0,0.13061317916338452,0.0,0.2763105872672587
1,Home,611.92,613.44,Player1,Player5,0.44,0.98,0.52,0.94,0.08641073273944277,0.9701277944858945,0.6511528238439882,0.07038180801883391,0.0,0.0,0.058843894144727626,3.0,0.6659807121632245
1,Home,614.52,615.16,Player5,Player9,0.56,0.96,0.6,0.88,0.08482864954823299,0.9554579096402571,0.5517245689653488,0.030643996149327543,0.0,1.0,0.13975424859373972,2.0,0.6870315621367761
1,Home,616.76,617.2,Player9,Player5,0.64,0.88,0.7,0.88,0.03930135565568782,0.6877227507977688,0.4841487374764082,0.037571441281909805,0.0,3.0,0.1363636363636193,2.0,0.63334282738704
1,Away,618.92,620.84,Player16,Player25,0.8,0.71,0.94,0.61,-0.11931090633637864,-0.6394884274323275,0.9464142856064673,0.08302513414623308,0.0,0.0,0.08960755486502392,0.0,0.14862350660416127
1,Home,625.84,627.6,Player4,Player3,0.46,0.34,0.39,0.46,-0.04810495500996803,-0.23771804493822285,0.611310068623117,0.012599849205446842,1.0,1.0,0.07893434084914702,0.0,0.3323222221902568
1,Home,636.68,638.92,Player3,Player1,0.34,0.44,0.43,0.91,-0.039417926230442824,0.27621917885660746,0.7021395872616784,0.17681532541044065,0.0,0.0,0.21363368060723842,2.0,0.38790608636503954
1,Home,641.8,642.64,Player1,Player6,0.52,0.91,0.54,0.73,0.11697292925851366,0.7294762674295816,0.5142956348249516,0.026582960707942204,0.0,2.0,0.21560440805088274,0.0,0.624714979640495
1,Home,642.64,643.76,Player6,Player1,0.54,0.73,0.53,0.9,-0.10287533014342742,-0.4989587477805705,0.617170964968379,0.040783607000852665,0.0,1.0,0.1520480925529137,0.0,0.28604805846807113
1,Home,643.76,645.36,Player1,Player2,0.53,0.9,0.35,0.8,-0.09872008819543876,-0.3509482059993098,0.7158910531638177,0.14339496504410465,0.0,0.0,0.1286953767623357,0.0,0.22093790947534903
1,Home,646.48,647.72,Player2,Player3,0.35,0.79,0.3,0.53,0.011115823746835507,0.22764776240329887,0.7006425622241343,0.07563887162035142,0.0,0.0,0.21351939185280047,0.0,0.4167219155204857
1,Home,648.92,650.08,Player3,Player6,0.29,0.57,0.47,0.67,0.1568455572664489,0.8222846034785947,0.5565968020030299,0.11046374292047138,0.0,0.0,0.1775108644997634,4.0,0.7010368881069393
1,Home,650.08,652.12,Player6,Player4,0.47,0.67,0.41,0.22,-0.09647287268719806,0.17689929487975076,0.6530696746902279,0.0922919503532134,0.0,0.0,0.2225403816238504,0.0,0.3578140565496375
1,Home,653.28,654.36,Player4,Player10,0.44,0.22,0.53,0.27,0.10284001562189593,0.9990406599431999,0.5232590180780452,0.06849127535679268,0.0,0.0,0.09532990871283901,2.0,0.6836978803055348
1,Home,655.32,656.96,Player10,Player8,0.56,0.24,0.69,0.03,-0.05195023684314437,0.020597684591428238,0.5630275304103699,0.1589138537069692,0.0,0.0,0.1505986467710801,1.0,0.3568616275288568
1,Home,728.12,730.08,Player6,Player3,0.94,0.99,0.89,0.46,0.3766128027807031,0.9767794825036019,0.11704699910719624,0.006455648689326281,2.0,5.0,0.27160880926950853,0.0,0.8156052647531731
1,Home,730.08,730.8,Player3,Player8,0.89,0.46,0.94,0.55,0.03894450234812963,0.7550785597012128,0.07810249675906661,0.019425552759187996,1.0,3.0,0.14299486306928105,6.0,0.8196986737058832
1,Away,742.32,744.24,Player25,Player17,0.96,0.6,0.84,0.92,0.026045730411180634,0.2522236745039931,0.9391485505499116,0.23202698571502414,0.0,0.0,0.17800007802745238,0.0,0.2681737077621945
1,Away,749.0,750.16,Player17,Player22,0.67,0.86,0.6,0.99,-0.014069341482315756,0.000890463667762588,0.7746612162745725,0.08729248879485568,0.0,0.0,0.1272829574158087,0.0,0.34109593647131187
1,Away,751.72,752.56,Player22,Player17,0.61,0.96,0.71,0.91,-0.05587542191422312,-0.44486543064842704,0.8198780397107853,0.0540457953961268,0.0,1.0,0.1330992843750004,0.0,0.2601608803835197
1,Away,755.12,757.24,Player17,Player25,0.74,0.96,0.96,0.74,-0.11822451371655995,-0.2272287774066174,0.9895453501482385,0.1087873898942336,0.0,0.0,0.14675801118966048,0.0,0.19002830383019442
1,Away,768.56,770.08,Player19,Player18,0.54,0.3,0.45,0.02,-0.08210416402832055,-0.043693198798556154,0.6579513659838393,0.1266941198319796,0.0,0.0,0.19349264697173446,0.0,0.30460656641790484
1,Away,770.76,771.76,Player18,Player19,0.45,0.03,0.48,0.18,0.07380373532565931,0.5726471939922608,0.5768882040742382,0.08532000937646457,0.0,0.0,0.15297058540778355,0.0,0.5241826149564462
1,Away,773.92,775.2,Player19,Player20,0.48,0.23,0.44,0.48,0.11027248160966974,0.6218000646360876,0.4404543109109048,0.054763244060227124,0.0,2.0,0.19779670158080165,0.0,0.6027091142958513
1,Away,775.2,776.48,Player20,Player23,0.44,0.48,0.34,0.34,0.06468842634978605,0.5436817617495303,0.37576588456111876,0.04156556507495113,0.0,1.0,0.13441133229754387,3.0,0.6720700859313915
1,Away,776.48,778.8,Player23,Player24,0.34,0.34,0.13,0.37,0.19191812145261639,0.9559296181633682,0.18384776310850237,0.021178125507230333,0.0,2.0,0.09143622170515953,4.0,0.8843468119324268
1,Home,779.28,781.16,Player11,Player3,0.03,0.47,0.08,0.41,0.04607211476999784,0.6161222464536972,0.9243916918709298,0.030254065842461587,0.0,1.0,0.04154388125482274,1.0,0.4966961382532414
1,Home,781.16,782.84,Player3,Player8,0.08,0.41,0.22,0.25,0.10530683668192076,0.5821012926373015,0.8190848551890091,0.024427568442233455,0.0,1.0,0.12654935491350291,3.0,0.6038413749612066
1,Away,807.28,808.64,Player15,Player21,0.51,0.12,0.44,0.25,0.12993990749111395,0.9062278933998605,0.5060632371551999,0.03770886633140805,0.0,1.0,0.10856487544289156,3.0,0.7330754926106505
1,Away,811.72,813.0,Player21,Player19,0.41,0.15,0.36,0.02,-0.06092672112225783,-0.33295501040310177,0.6,0.10724140245259756,0.0,0.0,0.10881553341550326,0.0,0.29254896550243187
1,Home,814.48,815.2,Player7,Player4,0.28,0.14,0.22,0.1,-0.07159980813252076,-0.992260782991048,0.876584280032445,0.03585004463037669,0.0,1.0,0.10015420209621816,0.0,0.16179885928625562
1,Home,818.84,821.12,Player4,Player9,0.28,0.03,0.43,0.51,0.2897378511550698,0.7715077087649553,0.570087712549569,0.025989145811280506,0.0,1.0,0.22056650808211067,3.0,0.7820814736356717
1,Home,822.08,824.88,Player9,Player1,0.4,0.53,0.36,0.91,-0.15931625479137113,-0.15421673390545576,0.7600657866263947,0.15454631215270076,0.0,0.0,0.13646409410387936,0.0,0.20638729185423324
1,Away,826.64,828.64,Player17,Player22,0.49,0.9,0.64,0.87,-0.10672179909631008,-0.6355920011107326,0.7392563831310488,0.08189156244693341,0.0,0.0,0.07648529270389179,0.0,0.2047250700902789
1,Away,833.36,834.0,Player22,Player20,0.59,0.82,0.61,0.73,0.01927272726172846,0.27471668845746566,0.6519202405202649,0.07635808077734793,0.0,0.0,0.14405538214520439,0.0,0.4378860768769302
1,Away,836.16,838.4,Player20,Player15,0.61,0.68,0.62,0.29,-0.018595969315811756,0.25833883098488314,0.6545991139621257,0.16053343390085445,0.0,0.0,0.17416436788509895,0.0,0.3620098752850848
1,Away,842.52,843.44,Player15,Player21,0.5,0.23,0.44,0.21,0.04127042075679899,0.6844772291755646,0.5269724850502159,0.04697545103562072,0.0,1.0,0.06874516652539413,0.0,0.5620688846520356
1,Away,845.12,846.48,Player21,Player23,0.47,0.23,0.35,0.22,0.09381451269440672,0.8227307603003108,0.4482186966202994,0.04174320783073577,0.0,1.0,0.08854113660876599,3.0,0.712983682059531
1,Away,851.76,852.72,Player23,Player21,0.38,0.25,0.42,0.2,-0.06127689940079123,-0.9510266442719777,0.5161395160225576,0.08941036740781239,0.0,0.0,0.06669921080658962,0.0,0.22287268440158683
1,Away,854.48,855.44,Player21,Player20,0.42,0.24,0.37,0.38,0.1049905546336043,0.7816546724096389,0.3889730067755345,0.04114166987374236,0.0,2.0,0.15485488278456191,3.0,0.7273891424395622
1,Away,856.52,857.48,Player20,Player19,0.35,0.36,0.32,0.47,0.055558362899651326,0.6025886461995252,0.32140317359976395,0.04623648451169271,0.0,1.0,0.11876827344782236,0.0,0.6057124728097139
1,Away,860.6,861.96,Player19,Player16,0.39,0.46,0.53,0.43,-0.1425567405066932,-0.9940599981739764,0.5346026561849464,0.10607457235360418,0.0,0.0,0.10527809605350154,0.0,0.1627043481131027
1,Away,863.2,865.32,Player16,Player17,0.53,0.47,0.48,0.78,-0.024849381978512164,0.21476893788458057,0.5556977595779922,0.12201070977582253,0.0,0.0,0.1481162119632788,0.0,0.400090177496797
1,Away,868.64,869.84,Player17,Player16,0.46,0.77,0.58,0.62,-0.05889830167465038,-0.14346923336876505,0.5922837157984339,0.13494229359248341,0.0,0.0,0.16007810593581512,0.0,0.3089302048785913
1,Away,872.44,874.8,Player16,Player22,0.56,0.6,0.28,0.97,0.02177533146951849,0.4538673076113548,0.5470831746635972,0.07370729204088285,0.0,0.0,0.19661199590035036,6.0,0.6577961381650882
1,Away,909.84,911.8,Player21,Player19,0.55,0.6,0.6,0.72,-0.0800448179718708,-0.5435290445744628,0.6390618123468182,0.07506380819009924,0.0,0.0,0.0663265306122475,0.0,0.2603133555914056
1,Away,911.8,912.56,Player19,Player16,0.6,0.72,0.69,0.62,-0.0612952394489068,-0.3721883482153776,0.700357051795725,0.10470878138914615,0.0,0.0,0.17702136904044563,0.0,0.26531111069374474
1,Away,912.56,913.4,Player16,Player21,0.69,0.62,0.6,0.57,0.0962875193741668,0.9444275565984908,0.6040695324215583,0.05820367084643379,0.0,1.0,0.12256702548793583,2.0,0.6599047683371907
1,Away,919.84,921.76,Player21,Player15,0.59,0.39,0.56,0.17,-0.049833356475053714,-0.04877696607708012,0.65,0.14644224117378155,0.0,0.0,0.11564376724570308,0.0,0.3065075153981338
1,Away,922.44,923.4,Player15,Player21,0.55,0.18,0.48,0.32,0.12367730607826954,0.8363416214346544,0.5126402247190518,0.06533413349850135,0.0,0.0,0.16304662335937284,1.0,0.646174148847391
1,Away,925.84,926.96,Player21,Player20,0.44,0.42,0.52,0.63,-0.08879013583033796,-0.18308502123458703,0.5360037313302959,0.12019334091371284,0.0,0.0,0.20064468798432272,0.0,0.3120807230955155
1,Away,927.72,929.56,Player20,Player17,0.51,0.64,0.46,0.92,-0.09402974720880342,-0.09107458187414245,0.6228964600958975,0.12942736959391551,0.0,0.0,0.1545811157970492,0.0,0.2969669016518158
1,Away,932.2,932.8,Player17,Player21,0.41,0.88,0.38,0.75,0.1041543777531811,0.8272643875859149,0.45486261662176636,0.02479058288947641,0.0,2.0,0.22236106773547257,0.0,0.6498343854923093
1,Away,932.8,933.76,Player21,Player20,0.38,0.75,0.48,0.79,-0.10594037909063175,-0.9797677329910802,0.5608029957123981,0.06966165372714034,0.0,0.0,0.11219093348196457,0.0,0.20025570975030105
1,Away,933.76,935.52,Player20,Player16,0.48,0.79,0.54,0.58,0.014909233154150825,0.26207884867265663,0.5458937625582473,0.14577953800173743,0.0,0.0,0.1240927822036459,0.0,0.4129350294266047
1,Away,940.0,941.16,Player16,Player15,0.52,0.5,0.5,0.29,-0.02230987451824995,0.09480822833163959,0.54230987451825,0.0864192166129733,0.0,0.0,0.1818536474976687,0.0,0.40902961180411107
1,Away,943.12,944.52,Player15,Player18,0.47,0.25,0.3,0.02,-0.03368560175514956,0.14711894136991985,0.5660388679233962,0.1321162840076877,0.0,0.0,0.20429070922964748,6.0,0.5390677312583243
1,Away,947.32,948.8,Player18,Player21,0.26,0.09,0.31,0.33,0.1319360531642605,0.7175252596237508,0.3535533905932738,0.035924856297555326,0.0,1.0,0.16564392800178454,0.0,0.660789765385561
1,Away,949.16,949.92,Player21,Player19,0.31,0.34,0.22,0.4,0.10719435137835673,0.993760061244909,0.24166091947189142,0.02441649442487598,0.0,2.0,0.1423243924525276,3.0,0.8083730634412586
1,Away,949.92,950.64,Player19,Player21,0.22,0.4,0.28,0.34,-0.08082939046005058,-0.9362835176952895,0.322490309931942,0.038051262791134806,0.0,1.0,0.11785113019775348,0.0,0.2964573301449173
1,Home,954.4,954.92,Player9,Player6,0.32,0.49,0.3,0.45,-0.02170991694413782,-0.4603020298174896,0.70178344238091,0.011199517846764656,1.0,1.0,0.08600261451922568,0.0,0.28846470098910965
1,Away,956.36,957.68,Player19,Player24,0.31,0.52,0.3,0.47,0.009148222706554632,0.2588249322730419,0.3014962686336267,0.03212962807129891,0.0,2.0,0.03862893570903815,1.0,0.567258676595375
1,Away,958.32,959.08,Player24,Player18,0.3,0.44,0.29,0.31,-0.0407575456516272,-0.12032835100360652,0.3466987164671943,0.0362352342340987,0.0,1.0,0.17155795803165072,0.0,0.4443335990215276
1,Home,961.4,962.88,Player6,Player4,0.24,0.5,0.18,0.37,-0.07024092888751277,-0.41905432640599516,0.8302409288875128,0.06974017851998948,0.0,0.0,0.09674203421132553,0.0,0.2440370183135503
1,Home,962.88,963.92,Player4,Player2,0.18,0.37,0.15,0.54,-0.020699727092679532,-0.017443141634906026,0.8509406559801923,0.07891807207477897,0.0,0.0,0.16598727405416036,0.0,0.32319527870956105
1,Away,967.44,968.72,Player16,Player19,0.49,0.54,0.34,0.65,0.12001185861003316,0.7556086548278392,0.371618083521241,0.07479846589335913,0.0,0.0,0.14532090029483333,2.0,0.6851539924139779
1,Away,968.72,969.56,Player19,Player21,0.34,0.65,0.35,0.5,0.021618083521241005,0.341880660758586,0.35,0.06299714279235209,0.0,0.0,0.17896781402826636,0.0,0.5307653812543817
1,Away,970.64,971.48,Player21,Player19,0.34,0.53,0.35,0.66,-0.04351666478035687,-0.1640309038802611,0.38483762809787714,0.051310692842720426,0.0,1.0,0.15521910488577148,0.0,0.4167048163343202
1,Away,972.32,975.32,Player19,Player23,0.33,0.66,0.18,0.12,-0.053733504414727795,0.6611838445450058,0.4204759208325728,0.06457778255716125,0.0,0.0,0.18681541692269407,4.0,0.6371711121231197
1,Away,975.72,977.32,Player23,Player18,0.19,0.11,0.12,0.17,0.08267924194808851,0.9175630864948342,0.3511409973215887,0.01925062596384853,1.0,1.0,0.057622152858079735,4.0,0.7466308043092538
1,Home,999.2,1001.24,Player4,Player10,0.26,-0.01,0.34,0.1,0.12697005860466326,0.943224013354298,0.7717512552629895,0.0071695257862706705,1.0,3.0,0.06667387504282199,3.0,0.6534653041990178
1,Home,1019.04,1020.68,Player7,Player6,0.42,0.37,0.39,0.64,-0.03146896506421071,0.10961514865422015,0.6258594091327541,0.09773963883706548,0.0,0.0,0.1656472891122712,0.0,0.3795616449608886
1,Home,1021.84,1023.12,Player6,Player1,0.4,0.67,0.48,0.94,-0.05755698153030142,0.011958074546573135,0.681175454637056,0.06360305967483008,0.0,0.0,0.2200019975051409,3.0,0.4427463223601045
1,Home,1061.76,1063.6,Player6,Player10,0.97,0.98,0.86,0.66,0.2683336700017489,0.9235613549276206,0.21260291625469302,0.0708103925988269,0.0,0.0,0.18390135125749327,0.0,0.76993979983228
1,Home,1063.6,1064.32,Player10,Player8,0.86,0.66,0.95,0.53,0.15429339730623998,0.9935605192627117,0.05830951894845306,0.019814815164416685,1.0,7.0,0.21960261528946243,6.0,0.919219787214422
1,Away,1096.48,1098.24,Player21,Player22,0.45,0.53,0.36,0.89,-0.07975528903743673,0.1774644673378412,0.530754180388624,0.1532987423301313,0.0,0.0,0.21084062858272237,1.0,0.3815847508088317
1,Away,1101.36,1102.28,Player22,Player21,0.31,0.92,0.36,0.82,0.04035154229383575,0.45404633340759126,0.4816637831516918,0.09546881585104112,0.0,0.0,0.12152543355976164,0.0,0.5042766569479992
1,Away,1103.12,1104.04,Player21,Player23,0.34,0.82,0.23,0.78,0.10455128255728124,0.9185593875831448,0.3623534186398688,0.011937491361253428,1.0,1.0,0.12722499902955106,4.0,0.760745585673687
1,Away,1104.36,1104.96,Player23,Player21,0.24,0.78,0.28,0.83,-0.06399992187593251,-0.9993836246853577,0.432781700167648,0.044850677809816886,0.0,2.0,0.10671873729052317,0.0,0.2634693783710313
1,Away,1106.28,1106.92,Player21,Player19,0.27,0.8,0.31,0.72,0.023477165237247133,0.3656422437901228,0.38013155617496425,0.059330943023012866,0.0,1.0,0.1397542485937151,0.0,0.5299869604197497
1,Home,1108.96,1109.84,Player5,Player1,0.22,0.84,0.15,0.79,-0.04722722932540235,-0.5136848633754797,0.8981091247727082,0.11359268462361474,0.0,0.0,0.09775369621640659,0.0,0.1948741097349842
1,Home,1111.12,1111.88,Player1,Player5,0.17,0.8,0.23,0.9,0.014855010367518018,0.19237589996849944,0.8676981041814025,0.03520505929550467,0.0,1.0,0.15344610249588486,4.0,0.5066179423250738
1,Home,1111.88,1113.56,Player5,Player7,0.23,0.9,0.29,0.79,0.10075612462884198,0.8296292744657987,0.7669419795525605,0.04831926841333591,0.0,2.0,0.07458311956037432,1.0,0.5833954870612051
1,Home,1113.56,1114.8,Player7,Player5,0.29,0.79,0.38,0.92,0.01807617047859822,0.21605543490388218,0.7488658090739623,0.06548327801813227,0.0,0.0,0.1275111959745305,1.0,0.4386856777987671
1,Home,1117.68,1119.64,Player5,Player8,0.54,0.73,0.63,0.3,0.09370081792868973,0.6209609018877457,0.4205948168962618,0.109829210140108,0.0,0.0,0.22414165955600396,0.0,0.5638219801385793
1,Away,1133.56,1136.28,Player25,Player21,0.86,0.55,0.63,0.97,0.07544971764612751,0.4285958531173064,0.7860025445251434,0.22343413906563156,0.0,0.0,0.17604882196783467,4.0,0.4701478830872725
1,Away,1151.52,1152.44,Player21,Player22,0.19,1.01,0.25,0.98,0.003040227858118749,0.10682033303291691,0.5412023651093923,0.09248708126003326,0.0,0.0,0.07291526013585695,0.0,0.4171293410424862
1,Away,1154.32,1155.4,Player22,Player19,0.26,0.95,0.29,0.77,0.12347920328427225,0.7718307782700026,0.396232255123179,0.05556045446178425,0.0,1.0,0.16896562584159297,0.0,0.6426692251319208
1,Away,1156.68,1157.72,Player19,Player22,0.28,0.79,0.26,0.95,-0.11659857099252374,-0.6276826510361377,0.5197114584074513,0.08239404408086785,0.0,0.0,0.1550434182365159,0.0,0.25449148057369614
1,Away,1158.24,1159.28,Player22,Player21,0.26,0.94,0.17,0.98,0.001862211308264916,0.11522505183818849,0.5092150822589606,0.08425397854107546,0.0,0.0,0.09470055578650433,4.0,0.5393898487858529
1,Home,1162.52,1163.84,Player2,Player9,0.13,0.71,0.27,0.6,0.15816855261903218,0.9093263391992084,0.7368174807915457,0.02882363093019341,0.0,1.0,0.13488252889974026,4.0,0.7257985597074618
1,Home,1163.84,1164.48,Player9,Player6,0.27,0.6,0.2,0.56,-0.06542936401371757,-0.7928608928476365,0.8022468448052633,0.06662423733146976,0.0,0.0,0.1259727773171451,0.0,0.19498925223869035
1,Home,1168.32,1169.68,Player6,Player3,0.2,0.52,0.16,0.36,-0.05133679329204832,-0.21821222798054926,0.8515867542417507,0.06716932707717116,0.0,0.0,0.12126781251815516,0.0,0.2827186669382245
1,Away,1173.48,1174.68,Player18,Player24,0.28,0.06,0.21,0.19,0.14710328787923088,0.9973391821044998,0.3744329045369811,0.07201694522818919,0.0,0.0,0.12304019216860704,1.0,0.7109231133621979
1,Away,1175.76,1176.8,Player24,Player19,0.22,0.19,0.28,0.35,0.06248395268959239,0.5603628669104089,0.31764760348537185,0.055429191767515436,0.0,1.0,0.16430776433303518,0.0,0.5979448746798366
1,Away,1178.72,1180.68,Player19,Player18,0.26,0.39,0.12,0.07,-0.16411840144113216,0.01216936075500346,0.44643028571099425,0.13944004338783028,0.0,0.0,0.17820662445482302,4.0,0.4240579556128329
1,Away,1217.68,1219.32,Player15,Player19,0.67,0.21,0.61,0.34,0.09943388892065685,0.7452341841373937,0.6306346010171024,0.026040831399938066,0.0,2.0,0.08730378697120408,3.0,0.6702156569551827
1,Home,1223.72,1225.12,Player6,Player10,0.59,0.61,0.62,0.75,-0.030362911085943856,-0.05100352877143021,0.45486261662176636,0.08282528901247495,0.0,0.0,0.10227015045198393,0.0,0.4029981256922462
1,Home,1226.2,1227.44,Player10,Player5,0.65,0.77,0.69,0.94,-0.09619714352590869,-0.41321193606605716,0.5382378656319156,0.06588490722464435,0.0,0.0,0.14084071932720033,1.0,0.3321311023755776
1,Home,1228.32,1229.16,Player5,Player6,0.69,0.93,0.61,0.84,0.012696998416881766,0.21775635359317844,0.5173973328110612,0.0515051240169364,0.0,1.0,0.1433523164141692,0.0,0.4736193264537468
1,Home,1229.16,1230.12,Player6,Player10,0.61,0.84,0.7,0.72,0.14537582805629562,0.9779591972825122,0.37202150475476553,0.0681122933103856,0.0,0.0,0.15625000000003106,3.0,0.7647874002040137
1,Away,1232.28,1233.24,Player19,Player21,0.76,0.66,0.77,0.63,-0.004237406656281584,-0.11400126812645967,0.7808969202141856,0.03691955037646046,0.0,1.0,0.0329403922934194,0.0,0.3567923277064556
1,Home,1237.32,1238.52,Player1,Player7,0.6,0.74,0.59,0.62,0.03927596432174746,0.44149979131867056,0.4272001872658766,0.06368635411137931,0.0,0.0,0.10034662148993198,0.0,0.5350187683623624
1,Home,1239.6,1240.68,Player7,Player9,0.61,0.61,0.65,0.49,0.05507316378686433,0.5618720735557319,0.3501428280002319,0.06677448165279914,0.0,0.0,0.11712139482103434,2.0,0.6326173524799144
1,Home,1241.48,1243.04,Player9,Player4,0.67,0.45,0.68,0.19,-0.11176700283333657,-0.11169398956237635,0.44553338819890925,0.08005112866162467,0.0,0.0,0.16678989527254032,0.0,0.35974643719858335
1,Home,1246.4,1247.6,Player4,Player7,0.81,0.28,0.75,0.37,0.008908781002865185,0.26714323987397287,0.28178005607210743,0.090862640287414,0.0,0.0,0.0901387818866134,0.0,0.5086839304529425
1,Away,1261.84,1263.88,Player25,Player17,0.96,0.62,0.89,0.88,-0.0002583711969671443,0.13819550140952117,0.9677293009927931,0.24634352944617804,0.0,0.0,0.13198933350818626,0.0,0.2201008680947745
1,Away,1268.36,1269.32,Player17,Player20,0.69,0.88,0.65,0.67,0.11585514244268613,0.6377826627937692,0.671863081289633,0.04746615320415178,0.0,1.0,0.2226828992336577,0.0,0.5585045337098522
1,Away,1293.52,1295.88,Player17,Player16,0.71,0.96,0.76,0.53,0.08539866889011793,0.4431666106813125,0.7605918747922568,0.1940410152519307,0.0,0.0,0.1834310239145101,0.0,0.39461259314332603
1,Away,1297.36,1298.68,Player16,Player15,0.74,0.47,0.65,0.24,0.04053643352393543,0.32637638169878835,0.7000714249274855,0.1523667220885191,0.0,0.0,0.18710740962465056,0.0,0.3960371241015104
1,Away,1304.76,1306.28,Player15,Player16,0.5,0.2,0.6,0.4,-0.025181063545291926,0.07669591065395452,0.6082762530298219,0.12379980169612548,0.0,0.0,0.14710973536183003,0.0,0.3639221896150553
1,Away,1309.56,1312.36,Player16,Player17,0.57,0.46,0.51,0.94,-0.10217077967549038,0.19319245632290089,0.6735725647619565,0.15060931080115864,0.0,0.0,0.1727626660349717,0.0,0.31366581309669495
1,Away,1354.52,1355.2,Player20,Player19,0.61,0.87,0.57,0.8,0.06931504266196209,0.8744698999346537,0.6441273166075167,0.048623600236921936,0.0,1.0,0.11856261394555577,1.0,0.60543830084456
1,Away,1366.44,1368.2,Player22,Player17,0.48,1.01,0.67,0.95,-0.10673649916351768,-0.43426492433176656,0.8070935509592428,0.1786884002950388,0.0,0.0,0.11320942525665559,0.0,0.15859981651853852
1,Away,1369.32,1370.64,Player17,Player16,0.66,0.91,0.7,0.54,0.07583941253890847,0.4333253479744415,0.7011419257183241,0.13722472554171852,0.0,0.0,0.2819362737261528,0.0,0.44175661862280896
1,Away,1371.92,1373.52,Player16,Player15,0.68,0.48,0.64,0.2,-0.02652982781509372,0.11225606783769199,0.7068238818828917,0.12718396164611329,0.0,0.0,0.17677669529664694,0.0,0.34411410862064057
1,Away,1375.88,1378.64,Player15,Player22,0.61,0.22,0.35,0.97,0.0851895548226489,0.6918347595266378,0.5860034129593444,0.20533893663891414,0.0,0.0,0.28760448728211885,6.0,0.6328969008518859
1,Away,1380.6,1383.6,Player22,Player21,0.32,0.97,0.09,0.85,0.20720853904132686,0.881312690185381,0.36138621999185305,0.03248072043535974,0.0,1.0,0.08647414514048564,4.0,0.8300260259519925
1,Home,1385.8,1388.44,Player3,Player11,0.05,0.53,0.07,0.47,0.019989821020106824,0.34600794540193525,0.9304837451562493,0.07485043820847011,0.0,0.0,0.02395664894066865,1.0,0.4094739518521451
1,Home,1392.84,1394.52,Player11,Player4,0.09,0.47,0.16,0.22,0.02505662636005679,0.23775368929709884,0.8854377448471462,0.10433034937159945,0.0,0.0,0.15453279744936518,0.0,0.361288477342246
1,Away,1403.32,1404.08,Player17,Player20,0.5,0.44,0.44,0.32,0.028192559520378357,0.3374563011611086,0.4753945729601885,0.061449316513692794,0.0,0.0,0.17653168243419604,4.0,0.612539063510554
1,Away,1407.52,1408.96,Player20,Player18,0.35,0.28,0.32,0.03,-0.1551942268612922,-0.42750399591146593,0.5685947590331799,0.17621102405922281,0.0,0.0,0.17485664322241243,1.0,0.22292928235924314
1,Away,1412.52,1414.4,Player18,Player19,0.3,0.06,0.43,0.3,0.05830485017259884,0.4581840763709487,0.474236228055175,0.09623144808221479,0.0,0.0,0.14518451131867433,0.0,0.5152252529763081
1,Away,1417.56,1420.12,Player19,Player17,0.43,0.4,0.43,0.8,-0.08283426806385086,0.22651221195846036,0.5243090691567331,0.09566618002199102,0.0,0.0,0.15625000000000333,0.0,0.3992550060836074
1,Away,1420.12,1421.56,Player17,Player22,0.43,0.8,0.28,0.97,-0.022774105506864095,0.11356936186628373,0.5470831746635972,0.09641690567530153,0.0,0.0,0.15744144512158612,5.0,0.5387467454916856
1,Home,1461.4,1464.72,Player4,Player3,0.46,0.01,0.29,0.24,-0.02693083886327141,0.10021534402303392,0.7561084578286371,0.02332517952771212,0.0,1.0,0.08614668461491184,0.0,0.3965617388750857
1,Home,1464.72,1467.64,Player3,Player1,0.29,0.24,0.35,0.76,0.056037032901151584,0.4492326177074946,0.7000714249274855,0.05585548943479057,0.0,1.0,0.17926373052468594,2.0,0.540456968987892
1,Home,1467.64,1468.72,Player1,Player10,0.35,0.76,0.45,0.68,0.12136597307827401,0.9570137297773575,0.5787054518492115,0.08318106575417268,0.0,0.0,0.11857637476728296,3.0,0.6904414170974829
1,Away,1475.2,1476.28,Player22,Player17,0.49,1.01,0.59,0.94,-0.028754528982810945,-0.15405706954202059,0.7360027173862879,0.150215025213858,0.0,0.0,0.11302366310865301,0.0,0.2766053886056957
1,Away,1478.24,1479.84,Player17,Player16,0.58,0.89,0.65,0.66,0.0295250313530796,0.2922016771490683,0.6694027188471825,0.13268315529862867,0.0,0.0,0.15026019100214988,0.0,0.4046705504073738
1,Away,1481.08,1483.28,Player16,Player15,0.64,0.63,0.6,0.27,0.01049672163353399,0.3060626223629515,0.6425729530566938,0.11686914605660467,0.0,0.0,0.1646433661479496,0.0,0.4148633179838156
1,Away,1485.08,1486.2,Player15,Player18,0.55,0.21,0.38,0.0,-0.006241076455910766,0.19405402715820413,0.6280127387243033,0.09145351660816547,0.0,0.0,0.24123671582330128,5.0,0.5454603979545439
1,Away,1487.28,1487.76,Player18,Player19,0.38,0.0,0.44,0.13,0.05312144465211088,0.4693126250781268,0.5748912940721924,0.040529264735497,0.0,1.0,0.29828793881824606,0.0,0.5303505104655597
1,Away,1488.6,1489.4,Player19,Player20,0.43,0.11,0.38,0.25,0.12565439432623332,0.8817968379390355,0.45486261662176636,0.04085626023022665,0.0,1.0,0.18582585934143908,1.0,0.6846528228170317
1,Away,1529.36,1531.0,Player16,Player21,0.68,0.39,0.58,0.43,0.10463073721263982,0.9758557140620269,0.5842088667591412,0.022108143296079803,0.0,1.0,0.06567274155041682,4.0,0.7502078598607402
1,Away,1531.0,1531.52,Player21,Player19,0.58,0.43,0.6,0.38,-0.02767347487199301,-0.47995000444782754,0.6118823416311342,0.05466304967708989,0.0,2.0,0.10356086167566715,0.0,0.31609371124958735
1,Home,1532.96,1533.64,Player6,Player9,0.6,0.39,0.62,0.37,0.013227657693366812,0.4942601014078232,0.40162171256046403,0.0032576218319503992,1.0,1.0,0.04159451654038129,0.0,0.535127234533973
1,Home,1534.92,1535.52,Player9,Player7,0.63,0.33,0.54,0.38,-0.06820911153014181,-0.5915563569371693,0.47539457296018844,0.06142932931426159,0.0,0.0,0.17159383568314263,0.0,0.3079333094293804
1,Home,1536.76,1538.28,Player7,Player1,0.54,0.41,0.55,0.75,-0.04605984123903145,0.22077923876153163,0.51478150704935,0.04060771355296912,0.0,1.0,0.2237809388380941,0.0,0.45552997354390035
1,Home,1699.04,1699.8,Player6,Player10,0.56,0.73,0.56,0.97,-0.14732908062053857,-0.46325032161431307,0.6438167441127949,0.08611748370685239,0.0,0.0,0.3157894736842143,0.0,0.23796454695831373
1,Home,1699.8,1700.96,Player10,Player7,0.56,0.97,0.47,0.94,-0.04502285985898613,-0.41749333611779155,0.688839603971781,0.1138521519339885,0.0,0.0,0.08178304293538342,0.0,0.26052282301890045
1,Home,1701.56,1702.68,Player7,Player2,0.47,0.94,0.36,0.82,-0.026702148828151695,-0.04904760111648986,0.7155417527999327,0.13148597263586714,0.0,0.0,0.1453466124651606,0.0,0.3123706798105737
1,Home,1703.64,1704.92,Player2,Player7,0.36,0.81,0.42,0.96,-0.029144353030428838,-0.0705041219301045,0.7402702209328699,0.09409745214404049,0.0,0.0,0.12621480016721756,1.0,0.35301642122714366
1,Home,1724.52,1725.28,Player7,Player10,0.65,1.01,0.71,0.96,0.07476363879478376,0.9625129090443818,0.5437830449729009,0.014661241420834789,1.0,1.0,0.10276644310403613,2.0,0.6544726131551446
1,Home,1725.28,1726.04,Player10,Player7,0.71,0.96,0.65,1.0,-0.06654473581378428,-0.9129450061779113,0.6103277807866851,0.05570986627160397,0.0,1.0,0.09488292830168504,0.0,0.22691683017051828
1,Home,1728.56,1729.56,Player7,Player2,0.56,0.91,0.45,0.95,-0.1092185220273989,-0.9205222672377072,0.7106335201775947,0.11415270342834632,0.0,0.0,0.11704699910719626,0.0,0.14379444336855446
1,Away,1733.0,1734.16,Player17,Player22,0.73,0.83,0.64,0.92,0.035617841734603584,0.3530537899842126,0.7655063683601856,0.08508460789120435,0.0,0.0,0.1097234660461807,2.0,0.47911173941007984
1,Away,1738.76,1739.4,Player22,Player21,0.55,0.96,0.46,0.91,0.10080965068957815,0.9820992715773849,0.6161980201201559,0.02129073507420545,0.0,1.0,0.1608692209528967,3.0,0.7172754635819337
1,Home,1782.96,1783.56,Player4,Player9,0.69,0.22,0.76,0.05,-0.0922680285158915,-0.337239194558641,0.51,0.10989409674773255,0.0,0.0,0.3064129385142171,3.0,0.381515051259379
1,Home,1784.6,1785.4,Player9,Player4,0.75,0.05,0.67,0.16,0.04096719743006472,0.42131508800829826,0.4738143096192853,0.05257523561525892,0.0,1.0,0.17001838135915437,0.0,0.5302133009437289
1,Home,1786.6,1788.72,Player4,Player3,0.64,0.13,0.45,0.33,-0.059437138619357954,0.039322764500025816,0.5756735185849702,0.05174489443413715,0.0,1.0,0.1301237190955939,0.0,0.39616003593215915
1,Home,1789.48,1791.16,Player3,Player2,0.44,0.36,0.38,0.7,-0.07422511140962074,0.07024820514807725,0.6514598989960932,0.1003245493386339,0.0,0.0,0.20550805359085017,0.0,0.3458868834185168
1,Home,1792.92,1793.68,Player2,Player7,0.38,0.78,0.4,0.96,-0.07574827278963392,-0.30842279938739153,0.7560423268574319,0.05745271185940657,0.0,1.0,0.23829960889835583,1.0,0.3148210382532851
1,Home,1804.56,1805.28,Player7,Player10,0.39,1.01,0.44,0.91,0.10106394729694346,0.9167912741111487,0.6940461079784254,0.008614708352579324,1.0,2.0,0.15528249843747946,2.0,0.6290570164049831
1,Home,1805.28,1806.16,Player10,Player7,0.44,0.91,0.38,0.99,-0.0962070160267886,-0.9566949881530911,0.790253124005214,0.050703035412093415,0.0,1.0,0.1136363636363495,0.0,0.1668100411333108
1,Home,1833.4,1836.16,Player2,Player9,0.37,0.87,0.75,0.86,0.2923240382880907,0.8753065671335483,0.4382921400162225,0.004380410939626562,1.0,1.0,0.13772882470107445,8.0,0.9383550930765029
1,Home,1859.4,1860.44,Player7,Player9,0.74,1.01,0.86,0.91,0.13920729080577904,0.9192503986820486,0.43324358044868944,0.003203513695928261,1.0,2.0,0.15019710915205628,6.0,0.8207985433653161
1,Away,1885.84,1888.16,Player22,Player21,0.6,1.01,0.63,0.69,0.12943692984991717,0.5736987108536256,0.6580273550544841,0.09081473944244954,0.0,0.0,0.13853585068954366,0.0,0.5277438442819341
1,Away,1888.16,1890.08,Player21,Player15,0.63,0.69,0.66,0.31,-0.02877683829322697,0.212495003274058,0.686804193347711,0.20724805837449967,0.0,0.0,0.1985324849223693,0.0,0.31198814726475144
1,Away,1893.48,1894.8,Player15,Player18,0.53,0.25,0.4,0.04,-0.02358661320578226,0.11331196853033973,0.6095900261651268,0.15139727078121323,0.0,0.0,0.1871074096246828,0.0,0.3530227931636083
1,Away,1897.36,1898.48,Player18,Player21,0.32,0.07,0.39,0.23,0.061662082305038945,0.495673394371048,0.47434164902525694,0.09813499121108639,0.0,0.0,0.1559307963979566,0.0,0.5218436627293449
1,Away,1899.84,1902.92,Player21,Player17,0.39,0.22,0.46,0.75,-0.0434414491420248,0.4718194869120707,0.523545604508337,0.15208051880500675,0.0,0.0,0.17357229096912974,0.0,0.42131685772322885
1,Away,1905.08,1907.8,Player17,Player18,0.43,0.73,0.23,0.15,0.06883958178202582,0.7333384209852827,0.41880783182743847,0.03509017241336954,0.0,1.0,0.22555678897320314,6.0,0.7817308720888233
1,Away,1910.2,1911.32,Player18,Player15,0.31,0.1,0.42,0.15,-0.04065424015826591,-0.23058486250651483,0.5467174773134658,0.07373146478946419,0.0,0.0,0.10788433904996204,0.0,0.35333867031183175
1,Away,1912.04,1914.16,Player15,Player16,0.41,0.15,0.54,0.41,-0.00837534884909763,0.24058160578669047,0.5474486277268398,0.10562077683865045,0.0,0.0,0.13711737597875304,0.0,0.4245865033916759
1,Away,1915.16,1916.76,Player16,Player17,0.54,0.43,0.49,0.8,-0.03002516128644972,0.26020150256327973,0.574543296888929,0.13411145253109447,0.0,0.0,0.23335193378244418,0.0,0.39432041092261505
1,Away,1919.8,1920.92,Player17,Player16,0.5,0.72,0.59,0.57,-0.047878019750611345,-0.12557887223129022,0.5941380311005179,0.0578479256326448,0.0,1.0,0.15618621146905406,0.0,0.36708946161710704
1,Away,1922.44,1923.64,Player16,Player15,0.64,0.5,0.64,0.24,-0.05079664156682173,0.0,0.6907966415668217,0.10996724785134893,0.0,0.0,0.21666666666665846,1.0,0.3572640769002658
1,Away,1925.48,1927.0,Player15,Player20,0.67,0.21,0.58,0.34,0.12840413167810638,0.8489628858425408,0.6016643582596529,0.04402546990095616,0.0,1.0,0.1040222914529085,3.0,0.6962174778006626
1,Away,1928.0,1929.56,Player20,Player19,0.59,0.29,0.46,0.06,-0.010294486039534867,0.17164620633344416,0.6365532185135819,0.06431225466425511,0.0,0.0,0.16935698479004316,3.0,0.5001914680443302
1,Away,1929.56,1931.08,Player19,Player18,0.46,0.06,0.35,0.03,0.05054980555423749,0.5152989101466862,0.5860034129593444,0.027131008090375115,0.0,1.0,0.07501154112494422,1.0,0.5652473345155232
1,Away,1936.16,1937.56,Player18,Player19,0.24,0.0,0.34,0.05,-0.009386561133661098,0.016126674644430756,0.564003546088143,0.06441838945518585,0.0,0.0,0.07985957062500029,0.0,0.4096592618586453
1,Away,1939.12,1940.72,Player19,Player21,0.35,0.13,0.17,0.25,0.20698893397325419,0.9747481673572448,0.3023243291566195,0.04335357194049875,0.0,2.0,0.13520817282988803,4.0,0.8528926718586017
1,Home,1943.08,1943.68,Player8,Player12,0.19,0.18,0.2,0.29,0.04381567552203158,0.45011726754263426,0.8271033792700887,0.04628752963812173,0.0,1.0,0.18408935028641246,0.0,0.45707670646045034
1,Home,1944.52,1945.32,Player12,Player6,0.21,0.3,0.24,0.45,0.05328034830198902,0.4307706772721613,0.7616429609731845,0.03766335088650504,0.0,2.0,0.19121323175974034,1.0,0.5067394129146641
1,Home,1946.84,1948.16,Player6,Player12,0.26,0.46,0.35,0.44,0.08831693573125265,0.9630410736257315,0.6527633568147035,0.04193151797872333,0.0,1.0,0.06984503376736168,2.0,0.6572136438710134
1,Home,1950.68,1952.28,Player12,Player7,0.39,0.65,0.47,0.86,-0.012530788204077492,0.1225515467926385,0.6407027391856539,0.15537246731644574,0.0,0.0,0.14045128158903442,1.0,0.3758907305103659
1,Home,2043.28,2044.68,Player7,Player9,0.41,1.01,0.5,0.86,0.1637549123038351,0.9499875133081819,0.6161168720299746,0.020466426165796508,0.0,1.0,0.12494896917524835,3.0,0.7418612797110076
1,Away,2049.0,2049.04,Player20,Player19,0.57,0.87,0.55,0.89,0.005318367079777286,0.20809681783021103,0.674240313241503,0.007770302439416291,1.0,1.0,0.7071067811871894,2.0,0.4849813523968887
1,Home,2058.44,2058.92,Player7,Player12,0.54,1.01,0.51,0.91,0.047898879549179374,0.518788924786301,0.6389053137985315,0.02098588335048111,0.0,1.0,0.21750638560229485,0.0,0.531924449862094
1,Home,2058.92,2060.0,Player12,Player7,0.51,0.91,0.53,1.0,-0.047316224773378934,-0.46006156769677703,0.6862215385719105,0.04623108586222043,0.0,1.0,0.08536615238234728,2.0,0.35157408465289597
1,Home,2060.56,2061.08,Player7,Player12,0.53,1.0,0.48,0.96,-0.008040659736480826,-0.07965295406584799,0.6942621983083913,0.03085483430517819,0.0,2.0,0.12313700456602074,0.0,0.38683566473964204
1,Home,2061.72,2063.24,Player12,Player2,0.48,0.97,0.33,0.95,-0.10616559460424058,-0.6467387725543827,0.8070935509592428,0.1376165197205626,0.0,0.0,0.0995575391475114,0.0,0.15107689999198218
1,Home,2065.2,2066.88,Player2,Player3,0.31,0.86,0.24,0.51,0.018201519637976227,0.27970868698043017,0.7600657866263946,0.09025542642966128,0.0,0.0,0.21245914639966257,0.0,0.40487497612428625
1,Home,2074.12,2074.72,Player6,Player12,0.42,0.57,0.42,0.73,-0.039730232833118606,-0.11981887834110834,0.6239390995922599,0.09234525867633912,0.0,0.0,0.26666666666670713,0.0,0.34446733171320437
1,Home,2076.28,2078.28,Player12,Player7,0.45,0.81,0.59,0.98,7.920062311872478e-05,0.1747686910713196,0.6312685640834652,0.16319839459994695,0.0,0.0,0.11011357772772616,2.0,0.41386038814777715
1,Home,2079.16,2080.04,Player7,Player12,0.61,0.97,0.55,0.86,0.0344560780151425,0.369808184196076,0.5762811813689563,0.09256420582492988,0.0,0.0,0.14238595552431943,0.0,0.46776065547288204
1,Home,2081.04,2081.92,Player12,Player6,0.57,0.84,0.58,0.69,0.08720158008198542,0.6710322664410715,0.4609772228646444,0.07284422077282444,0.0,0.0,0.17083291339058007,0.0,0.582460580163503
1,Home,2081.92,2082.84,Player6,Player12,0.58,0.69,0.59,0.8,-0.04705820897057722,-0.32798090446176476,0.5080354318352216,0.04842957154466685,0.0,1.0,0.1200582719259391,0.0,0.36048337352466286
1,Home,2083.6,2086.8,Player12,Player4,0.59,0.79,0.59,0.12,-0.05682181319535862,0.5774630043915394,0.5590169943749475,0.15250771128044643,0.0,0.0,0.20937499999998216,0.0,0.42412456135441895
1,Home,2091.72,2092.76,Player4,Player6,0.71,0.15,0.65,0.23,0.01249200498853359,0.2332013992998138,0.44204072210600687,0.017628956293552923,1.0,1.0,0.09615384615380745,0.0,0.4745813098061894
1,Home,2130.76,2132.04,Player6,Player4,0.62,0.27,0.67,0.16,-0.02962966332902911,-0.11737956270488906,0.4738143096192853,0.1066621812077739,0.0,0.0,0.0943987966687264,1.0,0.3993368765136128
1,Home,2132.88,2133.88,Player4,Player8,0.7,0.18,0.8,0.03,-0.07214946757565915,-0.22762648845632613,0.5107837115648853,0.12384218384702361,0.0,0.0,0.1802775637731995,2.0,0.36997190788349715
1,Home,2138.44,2139.24,Player8,Player12,0.81,0.32,0.71,0.51,-0.028447316004890255,0.2704830850316564,0.2901723625709382,0.0753561410901594,0.0,0.0,0.26838638191989017,0.0,0.5032197141104701
1,Home,2140.08,2140.96,Player12,Player10,0.72,0.55,0.75,0.68,-0.023629182948429417,0.050067729194130085,0.3080584360149873,0.0725460881095598,0.0,0.0,0.15160981891050773,0.0,0.4650422277317283
1,Home,2142.04,2144.16,Player10,Player7,0.78,0.7,0.97,0.77,0.025659820802247546,0.4617634149986659,0.2716615541441225,0.06658004580953666,0.0,0.0,0.09551158835527182,7.0,0.7557196224682956
1,Home,2144.16,2145.36,Player7,Player8,0.97,0.77,0.95,0.5,0.22166155414412247,0.9829970722086461,0.050000000000000044,0.0048984181120031,2.0,3.0,0.22561643951129676,0.0,0.7588247416168259
1,Home,2145.36,2147.04,Player8,Player6,0.95,0.5,0.85,0.39,-0.13601075237738272,-0.6725823084321914,0.18601075237738277,0.06070068286271579,0.0,0.0,0.08848850444833305,0.0,0.3297851254895302
1,Home,2147.04,2147.8,Player6,Player8,0.85,0.39,0.94,0.52,0.12276519917401513,0.9451962196404724,0.06324555320336764,0.024554465988899092,0.0,3.0,0.20804458290575464,2.0,0.824333334571924
1,Away,2148.32,2148.96,Player17,Player18,0.99,0.55,0.94,0.58,0.047863708918040704,0.8304354595941256,0.9433981132056604,0.014900906012722898,1.0,1.0,0.09110862335697593,2.0,0.5253467542498231
1,Home,2171.52,2171.88,Player7,Player5,0.77,1.01,0.8,0.91,0.10328424010969278,0.9912557298820207,0.4561797891182818,0.03317966395248745,0.0,3.0,0.2900085141363016,1.0,0.6985696351581873
1,Home,2171.88,2172.84,Player5,Player7,0.8,0.91,0.76,1.0,-0.09843719583620009,-0.99934344358132,0.5546169849544819,0.05000545970191659,0.0,1.0,0.10259226876870552,0.0,0.21480687620561673
1,Away,2175.24,2176.44,Player21,Player19,0.69,0.92,0.68,0.75,0.08327489360297724,0.5692058409293542,0.7244998274671983,0.05340901983747697,0.0,1.0,0.14191155304935443,0.0,0.5139098654609039
1,Away,2179.04,2180.24,Player19,Player23,0.64,0.69,0.52,0.55,0.14520935375462163,0.8399554169583145,0.5223983154643591,0.009625487000666457,1.0,1.0,0.15365907428823802,4.0,0.7315454940544285
1,Home,2185.88,2188.8,Player8,Player10,0.57,0.26,0.76,0.19,0.1003969744115521,0.6508674328696388,0.3920459156782532,0.03444187131965975,0.0,1.0,0.06934402990176743,3.0,0.7059442989151773
1,Home,2193.56,2194.68,Player10,Player8,0.87,0.03,0.77,0.1,0.026236533807091178,0.3343079628354266,0.46141087980237316,0.09189337136050676,0.0,0.0,0.10898710371191866,0.0,0.48503212718214045
1,Home,2195.92,2196.72,Player8,Player4,0.78,0.09,0.7,0.08,-0.05084391105728392,-0.5784456084512505,0.5161395160225576,0.07926363668164615,0.0,0.0,0.10077822185376634,0.0,0.2955676464103703
1,Home,2197.36,2198.16,Player4,Player6,0.7,0.09,0.68,0.21,0.07617897420143793,0.6989592554344859,0.43185645763378366,0.08570016686098103,0.0,0.0,0.15206906325750733,0.0,0.5798250276593226
1,Home,2199.76,2203.16,Player6,Player2,0.66,0.25,0.59,0.8,-0.08601647491503778,0.485931124746505,0.5080354318352216,0.09432150232052075,0.0,0.0,0.16306960324271288,0.0,0.4446583429608786
1,Home,2203.16,2204.32,Player2,Player7,0.59,0.8,0.71,0.95,-0.02731492073774533,0.043036570394286794,0.5353503525729669,0.12914946767215102,0.0,0.0,0.16559804062321912,2.0,0.42559519051957245
1,Away,2207.48,2210.32,Player16,Player22,0.93,0.55,0.82,0.94,0.000751906219456977,0.21939811943920767,0.9305912099305472,0.07383480615536277,0.0,0.0,0.14268168724897018,3.0,0.4368585280769701
1,Away,2213.28,2214.16,Player22,Player17,0.8,0.95,0.9,0.9,-0.06700779264531953,-0.560303907816762,0.9848857801796105,0.0737381434537106,0.0,0.0,0.12704931690344698,0.0,0.18409166198531285
1,Home,2220.92,2223.0,Player12,Player3,0.65,0.88,0.43,0.62,-0.06587098104484845,0.12389413386420256,0.582494635168428,0.1194153892930053,0.0,0.0,0.163744099672375,0.0,0.3615158030397259
1,Home,2224.48,2226.16,Player3,Player2,0.41,0.6,0.42,0.87,-0.08955345049758734,-0.1305017028652941,0.6879680225126746,0.0696661158670411,0.0,0.0,0.16082447721556684,0.0,0.31661127318884835
1,Home,2226.8,2227.8,Player2,Player7,0.42,0.89,0.49,0.99,-0.008320438203214708,0.018753808369126344,0.7072481884034769,0.05875202975217114,0.0,1.0,0.12206555615733701,2.0,0.43530329002978757
1,Home,2229.76,2230.08,Player7,Player5,0.55,0.99,0.6,0.89,0.1066227862006589,0.9612569476095872,0.5586591089385369,0.04492350053145905,0.0,1.0,0.3493856214846598,2.0,0.6915695020638706
1,Home,2231.96,2232.88,Player5,Player12,0.6,0.92,0.59,0.8,0.07196456816477848,0.6643543264809825,0.5080354318352216,0.030335644051181766,0.0,1.0,0.13088689759555808,0.0,0.5900530999777696
1,Home,2257.0,2258.56,Player6,Player10,0.63,0.78,0.69,0.4,0.13827436082676053,0.7204198374815927,0.3257299494980467,0.0917408006287279,0.0,0.0,0.24660748797015408,2.0,0.6899324120675625
1,Home,2259.76,2262.88,Player10,Player8,0.69,0.4,0.94,0.04,-0.1381665906916814,0.2906857085094502,0.4638965401897281,0.08208732545283709,0.0,0.0,0.14047825000520445,8.0,0.6223106562431784
1,Home,2265.96,2267.16,Player8,Player10,0.86,0.06,0.73,0.12,-0.004418625607658766,0.12403285844497947,0.46615448083226657,0.07386150553569841,0.0,0.0,0.11931517552732103,0.0,0.44726488343196463
1,Home,2269.36,2270.28,Player10,Player8,0.75,0.19,0.81,0.3,0.12238387055212313,0.9839462417244383,0.2758622844826744,0.021587832220952653,0.0,3.0,0.13619526180587696,5.0,0.8616801265493479
1,Home,2270.28,2271.52,Player8,Player10,0.81,0.3,0.87,0.24,-0.014826552592298259,-0.02563150578895873,0.2906888370749727,0.031431767369971456,0.0,3.0,0.06842968850193597,0.0,0.4863414726772421
1,Home,2300.36,2302.76,Player6,Player3,1.01,0.01,0.96,0.62,0.36361092378697857,0.9981135699893351,0.1264911064067352,0.023784770337339844,0.0,3.0,0.2550190624683129,0.0,0.879991757725499
1,Away,2304.24,2304.96,Player25,Player16,0.99,0.55,0.95,0.69,0.022448114541071984,0.2258698589602928,0.9688137075826291,0.013558867946845686,1.0,1.0,0.20222527470216498,4.0,0.4663931315374266
1,Home,2365.68,2366.84,Player8,Player12,0.45,0.13,0.4,0.24,0.008961227796189464,0.16480183945857643,0.6539113089708726,0.05035485279493928,0.0,1.0,0.10416418942751164,0.0,0.43093142373026183
1,Home,2369.28,2370.64,Player12,Player8,0.43,0.19,0.5,0.02,-0.04426381014620484,-0.10730178110879136,0.6931089380465383,0.04961558222977938,0.0,1.0,0.1351821787562843,4.0,0.4613913164534837
1,Home,2370.64,2372.36,Player8,Player4,0.5,0.02,0.34,0.03,-0.11713793791164762,-0.6767774364407377,0.8102468759581859,0.10342043511801713,0.0,0.0,0.09320476477836641,0.0,0.1625262476939303
1,Home,2373.16,2375.64,Player4,Player3,0.34,0.03,0.11,0.23,-0.11980688592872779,-0.23404580302717326,0.9300537618869137,0.05693728918731554,0.0,1.0,0.12290121495264565,0.0,0.2357467001909852
1,Home,2375.64,2377.08,Player3,Player11,0.11,0.23,0.04,0.47,-0.03041487372801366,0.010752020368833673,0.9604686356149273,0.09001640572695624,0.0,0.0,0.1736111111111045,0.0,0.29011392775870376
1,Home,2378.52,2380.44,Player11,Player2,0.06,0.55,0.12,0.82,0.004952855101526543,0.1647720474540095,0.93637599285757,0.03509043174428033,0.0,2.0,0.14405538214519586,0.0,0.37301516135910534
1,Home,2380.44,2381.8,Player2,Player5,0.12,0.82,0.34,0.81,0.2071983738922044,0.9543371896261407,0.7291776189653656,0.04231856921021791,0.0,1.0,0.1619317319525234,5.0,0.7769489274841537
1,Home,2383.36,2384.28,Player5,Player6,0.34,0.73,0.28,0.66,-0.03863580638316899,-0.36468623872246037,0.737563556583431,0.04542860002245277,0.0,2.0,0.1002124397531756,0.0,0.30581711321653093
1,Home,2385.6,2387.08,Player6,Player3,0.28,0.62,0.25,0.37,-0.03125178572361631,0.04570357642450311,0.7611832893594026,0.11627444474174023,0.0,0.0,0.1701307880001894,0.0,0.3252380983588091
1,Home,2388.2,2389.12,Player3,Player4,0.27,0.31,0.32,0.13,-0.01982380269263173,0.016321343590367535,0.7741446893184761,0.13025480950813292,0.0,0.0,0.20306023578552093,1.0,0.341362782009891
1,Home,2390.92,2391.8,Player4,Player12,0.35,0.1,0.4,0.23,0.10526551013984808,0.7948840704075792,0.6579513659838393,0.0374733238451035,0.0,1.0,0.1582771395134363,1.0,0.6144860997112778
1,Home,2392.84,2393.76,Player12,Player6,0.41,0.25,0.39,0.36,0.014921364611277688,0.21914376126661486,0.6258594091327541,0.06288898154684966,0.0,0.0,0.12152543355976154,0.0,0.44134592156854335
1,Home,2394.44,2395.24,Player6,Player12,0.4,0.36,0.45,0.24,0.007758425059769314,0.16480183945857632,0.6083584469702052,0.07700122401624535,0.0,0.0,0.16250000000005543,1.0,0.4518586832404621
1,Home,2395.24,2396.08,Player12,Player10,0.45,0.24,0.54,0.27,0.0940628121452537,0.992810358695785,0.5142956348249516,0.04963274826160648,0.0,1.0,0.11293848786313689,1.0,0.6663327679752074
1,Home,2396.92,2396.92,Player10,Player12,0.55,0.26,0.47,0.25,-0.07600341295934465,-0.9338858772428792,0.5860034129593445,0.06973419319100213,0.0,0.0,8.062257748298556,0.0,0.3761998526447447
1,Home,2396.92,2398.2,Player12,Player4,0.47,0.25,0.55,0.06,-0.04336134614303799,-0.04221550324000034,0.6293647591023825,0.10156308482908537,0.0,0.0,0.16105881350072193,0.0,0.34586390293908825
1,Home,2400.0,2403.0,Player4,Player8,0.58,0.07,0.89,0.04,0.12811301347053,0.6265790130744522,0.4729693436154187,0.07387563874512354,0.0,0.0,0.1038160766826496,7.0,0.7789608860115949
1,Away,2431.68,2435.28,Player25,Player18,0.96,0.49,0.44,0.0,0.2940190497066907,0.720605065005987,0.6660330322138684,0.03332442347588327,0.0,1.0,0.19847022975438275,6.0,0.8289628101369168
1,Away,2435.28,2436.64,Player18,Player17,0.44,0.0,0.54,0.1,-0.0059788724425893225,0.06369947794757615,0.6720119046564578,0.03967579236763894,0.0,1.0,0.10398629135098793,0.0,0.4101482549219446
1,Away,2436.64,2438.12,Player17,Player20,0.54,0.1,0.52,0.27,0.10341714562327775,0.6850332713135202,0.56859475903318,0.09095309120640159,0.0,0.0,0.11565704573394243,0.0,0.5540096306191199
1,Away,2438.84,2439.76,Player20,Player21,0.52,0.28,0.5,0.48,0.06422392841185198,0.47934172453078716,0.5003998401278722,0.0858583676760745,0.0,0.0,0.2184755569808716,0.0,0.5235595489955595
1,Away,2440.76,2442.76,Player21,Player22,0.49,0.53,0.45,0.9,-0.11116222059427172,0.046524652779987775,0.6020797289396148,0.12726842184925527,0.0,0.0,0.18607794065928393,1.0,0.3451054758087344
1,Home,2447.12,2448.44,Player7,Player6,0.19,0.97,0.26,0.84,0.12211185861535923,0.8519499976617847,0.8143709228600933,0.14340540924246897,0.0,0.0,0.11185472015326947,0.0,0.49737033370041195
1,Home,2451.76,2452.96,Player6,Player7,0.34,0.82,0.42,0.97,-0.01304045139787191,0.03849441244854151,0.7465252842335617,0.08698936946546974,0.0,0.0,0.14166666666668812,3.0,0.4358674469950027
1,Home,2456.8,2459.6,Player7,Player8,0.61,0.78,0.71,0.1,-0.013960617715112866,0.6951870734904868,0.49406477308142505,0.07523001063405482,0.0,0.0,0.2454691468205894,1.0,0.557361712995661
1,Away,2529.56,2531.48,Player25,Player17,0.95,0.45,0.75,0.05,0.07667209529522723,0.3995844812896165,0.8746427842267951,0.11944434729195019,0.0,0.0,0.23292374765621926,2.0,0.46033920562726766
1,Away,2533.32,2535.24,Player17,Player18,0.74,0.06,0.51,0.48,0.35053772379424153,0.8611078868156613,0.5103920062069938,0.05374149700185139,0.0,1.0,0.2494024977878179,3.0,0.8220504959907671
1,Away,2548.72,2550.84,Player20,Player19,0.57,0.35,0.42,0.14,0.03623381369408185,0.35500860748377855,0.5531726674375732,0.09830892787534608,0.0,0.0,0.12173101792982861,0.0,0.4674919959733601
1,Away,2554.56,2555.88,Player19,Player17,0.24,0.17,0.13,0.05,-0.06035742188315146,-0.19871805933206532,0.46840153714521476,0.08000255995904132,0.0,0.0,0.12332439845528552,3.0,0.4448954875748293
1,Away,2559.76,2562.44,Player17,Player19,0.15,0.1,0.27,0.1,-0.055396953214669586,-0.35111659240692916,0.4825971404805462,0.08152245948203479,0.0,0.0,0.04477611940298782,0.0,0.3355734135553293
1,Away,2562.44,2564.2,Player19,Player15,0.27,0.1,0.49,0.12,-0.13748349943655364,-0.48213026002691967,0.6200806399170998,0.15628215669103113,0.0,0.0,0.12551546610441755,0.0,0.19537858140970676
1,Away,2568.2,2569.4,Player15,Player21,0.48,0.12,0.49,0.25,0.06211821302155607,0.558734085418334,0.5500909015790026,0.05280744360409806,0.0,1.0,0.10865337342001945,0.0,0.5431219795280736
1,Home,2572.96,2574.12,Player4,Player12,0.28,0.15,0.29,0.26,0.051095825482948,0.5168163416468494,0.7494664769020694,0.09322128941395307,0.0,0.0,0.09521862945852283,0.0,0.4571620432822369
1,Home,2576.08,2577.48,Player12,Player10,0.28,0.31,0.46,0.57,0.20012943204277933,0.7601519456359539,0.5445181356024793,0.0407373268637008,0.0,1.0,0.2258769757262981,6.0,0.8151275583381921
1,Away,2582.68,2584.68,Player22,Player25,0.78,0.76,0.96,0.61,-0.14408934083006508,-0.5263518823900407,0.9662815324738437,0.14318909525519044,0.0,0.0,0.1171537451385998,0.0,0.11159115912703267
1,Away,2584.68,2586.52,Player25,Player18,0.96,0.61,0.64,0.88,0.2219697698367079,0.6859102242409807,0.7443117626371358,0.019947934730191966,1.0,1.0,0.22754805886365936,3.0,0.6583249640303398
1,Away,2591.72,2593.92,Player18,Player17,0.54,0.62,0.47,0.13,-0.04499118971195393,0.3528026063590903,0.5981638571495272,0.19939346152770404,0.0,0.0,0.22498852128660085,0.0,0.35366278067185547
1,Home,2600.04,2601.24,Player3,Player8,0.15,0.29,0.23,0.17,0.037821923948871405,0.33894111577926533,0.8377350416450299,0.08871113233411013,0.0,0.0,0.12018504251548452,3.0,0.4856365292380683
1,Home,2601.24,2602.12,Player8,Player4,0.23,0.17,0.17,0.14,-0.06697485660965374,-0.9982566096457398,0.9047098982546836,0.092148846981392,0.0,0.0,0.07622959014202883,0.0,0.11899159014734634
1,Home,2603.48,2604.2,Player4,Player12,0.19,0.15,0.22,0.29,0.07460841566805554,0.5801848803509028,0.8077747210701757,0.042300856965314514,0.0,1.0,0.1988586258788935,2.0,0.5543250071293235
1,Home,2605.2,2605.8,Player12,Player6,0.23,0.32,0.27,0.41,0.05523210700143688,0.6034790529093365,0.7355270219373317,0.039819850577318835,0.0,1.0,0.1641476300298355,2.0,0.5668953050804442
1,Home,2605.8,2606.72,Player6,Player8,0.27,0.41,0.28,0.23,-0.033433315141246145,-0.06711914543123368,0.7689603370785778,0.07080613603353882,0.0,0.0,0.19595387366660247,0.0,0.33439579638763656
1,Home,2608.04,2609.84,Player8,Player4,0.32,0.23,0.5,0.05,0.058960786599928205,0.39624875014214556,0.6726812023536856,0.0779689784465591,0.0,0.0,0.1414213562372952,2.0,0.5244816441574839
1,Home,2614.96,2615.88,Player4,Player9,0.69,0.22,0.76,0.36,0.13988309169511243,0.9313864014124579,0.2778488797889961,0.019505365928379804,1.0,2.0,0.1701356069836662,2.0,0.741503593694729
1,Home,2618.12,2618.92,Player9,Player4,0.77,0.36,0.87,0.19,-0.06689648592270703,-0.015063920160907431,0.3361547262794322,0.10351429080083578,0.0,0.0,0.24653853654139418,5.0,0.5439350502258075
1,Home,2620.2,2625.4,Player4,Player10,0.9,0.2,0.95,0.88,-0.06704759191789805,0.9693140299718451,0.383275357934736,0.04538563649438006,0.0,1.0,0.13112226102869146,2.0,0.6470078631402378
1,Home,2633.32,2635.12,Player2,Player7,0.48,0.81,0.58,0.92,0.0114227385099126,0.1988909760628349,0.5939696961966999,0.1266958124801289,0.0,0.0,0.08258927081844865,2.0,0.4553622520733039
1,Home,2637.44,2639.84,Player7,Player3,0.58,0.91,0.35,0.54,-0.06428838257342995,0.2154801073729572,0.6512296062065975,0.19349656973703688,0.0,0.0,0.18152517425659281,0.0,0.3126574690208231
1,Home,2646.48,2648.36,Player3,Player12,0.34,0.56,0.43,0.8,0.018594344423718767,0.26490862998806164,0.6441273166075168,0.011163892690276112,1.0,1.0,0.13634048529761225,2.0,0.49390023526233195
1,Home,2668.08,2669.16,Player7,Player5,0.47,1.01,0.54,0.85,0.15751318127259473,0.9240570521869718,0.5780138406647369,0.011206605195151627,1.0,1.0,0.1617060110793904,2.0,0.6829752677693852
1,Home,2669.16,2669.88,Player5,Player9,0.54,0.85,0.61,0.92,0.004864645428452885,0.13456492067750342,0.573149195236284,0.01028961612500679,1.0,1.0,0.13749298523066897,1.0,0.4566096494384783
1,Away,2676.04,2677.52,Player22,Player20,0.64,1.01,0.6,0.82,0.1383520025025906,0.7709434640899485,0.6799999999999999,0.07695023651685542,0.0,0.0,0.131192485398293,1.0,0.5947146370570977
1,Away,2678.32,2681.2,Player20,Player16,0.61,0.8,0.82,0.7,-0.16425853786607403,-0.6204397923685002,0.8440379138403676,0.1934613586740256,0.0,0.0,0.08076182881676669,0.0,0.08197204438099237
1,Away,2683.96,2685.16,Player16,Player20,0.82,0.63,0.61,0.59,0.2136373285087929,0.999514109806989,0.6166036003787198,0.08916692323950626,0.0,0.0,0.1781463193869599,2.0,0.7025409560029194
1,Home,2695.64,2697.12,Player4,Player8,0.79,0.19,0.92,0.13,-0.004116960077972909,0.16227821218568875,0.378549864614954,0.09241534504615566,0.0,0.0,0.09674203421132553,3.0,0.5427558610056239
1,Home,2698.36,2700.08,Player8,Player9,0.97,0.18,0.98,0.6,0.21942278332790827,0.997566517032421,0.10198039027185568,0.058822772801016464,0.0,1.0,0.24425525043723773,0.0,0.7938991386071037
1,Away,2700.56,2702.08,Player25,Player21,0.99,0.54,0.91,0.5,0.08080775128175088,0.911742230673165,0.91,0.05293528312949692,0.0,1.0,0.058843894144732005,2.0,0.5770448456325507
1,Home,2710.08,2711.04,Player3,Player2,0.53,0.47,0.45,0.47,-0.07986110058415186,-0.9979425957397698,0.5508175741568165,0.039175304721214346,0.0,1.0,0.08333333333333019,0.0,0.23148339498966636
1,Home,2711.04,2715.32,Player2,Player4,0.45,0.47,0.48,0.02,-0.15685466636134882,0.012076365365848706,0.7076722405181654,0.028250638930827746,0.0,1.0,0.10537357274559957,2.0,0.38308936266728355
1,Home,2715.32,2718.8,Player4,Player2,0.48,0.02,0.27,0.1,-0.12473391034810499,-0.44519745975273706,0.8324061508662703,0.07706368340534984,0.0,0.0,0.06457530188001182,0.0,0.2079055182597652
1,Home,2720.04,2721.64,Player2,Player12,0.24,0.15,0.36,0.51,0.19664166559814744,0.6840646815274497,0.6400781202322104,0.15119118393610123,0.0,0.0,0.2371708245126419,2.0,0.5983042938025754
1,Away,2728.0,2729.2,Player20,Player21,0.57,0.6,0.5,0.57,0.07382922939463787,0.9733653178062802,0.5048762224545735,0.033443504601043283,0.0,1.0,0.06346477588220882,2.0,0.692408040534312
1,Away,2729.2,2730.32,Player21,Player19,0.5,0.57,0.52,0.42,-0.021241635064062736,0.0065442768138564075,0.5261178575186363,0.10393246124286679,0.0,0.0,0.13511380312872218,0.0,0.3866397580845412
1,Away,2731.52,2732.04,Player19,Player21,0.51,0.43,0.46,0.41,0.046059841239031396,0.8693195385226318,0.4687216658103186,0.036912057650583516,0.0,1.0,0.10356086167566715,2.0,0.6694144306856379
1,Home,2742.6,2745.6,Player6,Player4,0.37,0.43,0.33,0.11,-0.14136493806295303,-0.232853726359347,0.7752418977325722,0.1046150706160446,0.0,0.0,0.107496769977314,0.0,0.23073793919956587
1,Home,2746.64,2748.76,Player4,Player6,0.34,0.09,0.31,0.27,0.049657476418505264,0.38085353600494604,0.7273238618387272,0.025966952073741712,0.0,1.0,0.08607682825892306,0.0,0.48357460250949724
1,Home,2748.76,2750.08,Player6,Player12,0.31,0.27,0.34,0.54,0.06611285164606573,0.4190560565817068,0.6612110101926615,0.052934855246803136,0.0,1.0,0.20580420768498667,1.0,0.5249876993364215
1,Home,2751.4,2753.68,Player12,Player2,0.33,0.6,0.26,0.84,-0.13694934068249542,-0.41864377056497065,0.8143709228600933,0.0978071122158302,0.0,0.0,0.10964912280702979,0.0,0.19797460456091687
1,Away,2760.28,2760.88,Player16,Player20,0.67,0.88,0.59,0.72,0.14057723680882195,0.8302534888439573,0.6296824596572466,0.12387071728217282,0.0,0.0,0.29814239700001727,1.0,0.5899005185380678
1,Home,2762.84,2764.76,Player12,Player10,0.51,0.76,0.58,0.44,0.1304430612224179,0.6466538496938994,0.42426406871192857,0.08471958982431389,0.0,0.0,0.17060770160581853,0.0,0.599983244572356
1,Home,2769.0,2770.4,Player10,Player8,0.79,0.35,0.91,0.19,-0.06473048982010066,0.023249077307040397,0.32280024783137945,0.14178306598462312,0.0,0.0,0.14285714285713355,4.0,0.5001469816262428
1,Away,2770.76,2771.52,Player17,Player25,0.93,0.33,0.98,0.47,-0.035049112163615836,-0.1615126173858797,0.9804590761474953,0.06591182670811059,0.0,0.0,0.19560616772793582,0.0,0.2715003058266162
1,Away,2774.28,2775.88,Player25,Player19,0.9,0.52,0.82,0.67,0.06278563003237847,0.4508661340884366,0.8374365647617734,0.17679027179118198,0.0,0.0,0.10625000000000606,0.0,0.3766737336973358
1,Away,2779.8,2781.52,Player19,Player24,0.68,0.66,0.51,0.26,0.1349211410212412,0.591533046627568,0.563648826841678,0.04506913467108057,0.0,1.0,0.2526896954895728,1.0,0.6148682571751959
1,Away,2782.52,2783.52,Player24,Player15,0.53,0.24,0.64,0.35,-0.0670042514559741,-0.3234019588242243,0.6573431371817918,0.08898798233469507,0.0,0.0,0.15556349186104043,0.0,0.29054812557306786
1,Away,2785.56,2786.44,Player15,Player21,0.59,0.42,0.6,0.69,-0.033965733238214724,0.09759496280836281,0.6293647591023825,0.09373529591354575,0.0,0.0,0.3070285474114686,0.0,0.38107075634836657
1,Away,2787.48,2789.16,Player21,Player18,0.58,0.72,0.42,0.98,-0.01748625199324605,0.18798457585110384,0.6378087487640789,0.19961297978838946,0.0,0.0,0.1817183038389909,2.0,0.3836715889123135
1,Home,2818.4,2820.48,Player11,Player7,0.04,0.47,0.15,0.88,0.02939398769457935,0.2891692836829382,0.931074647920348,0.12031095752257981,0.0,0.0,0.2040863968922295,0.0,0.35141624527641785
2,Home,2885.4,2886.4,Player9,Player6,0.49,0.5,0.61,0.52,-0.12032778078668516,-0.9863773769503201,0.6103277807866851,0.13563165707164382,0.0,0.0,0.1216552506059644,0.0,0.13757338992364526
2,Away,2891.16,2892.28,Player20,Player18,0.43,0.25,0.49,0.33,0.08482745055519303,0.8707881308619201,0.5375872022286244,0.07193542173366332,0.0,0.0,0.08928571428568674,1.0,0.6215543866992909
2,Away,2892.6,2894.32,Player18,Player22,0.5,0.32,0.62,0.03,-0.07298731922700608,0.04676721812017355,0.604400529450463,0.09035583102379173,0.0,0.0,0.18246924216828944,2.0,0.41389924861203936
2,Away,2894.32,2895.36,Player22,Player23,0.62,0.03,0.67,0.2,0.15841846703090784,0.9234270164564704,0.4459820624195551,0.06811183891218912,0.0,0.0,0.17038504948721128,0.0,0.6639032808430732
2,Away,2898.6,2899.32,Player23,Player22,0.67,0.19,0.75,0.02,-0.08843310820252154,-0.3091621793084637,0.5412023651093923,0.09178525480707672,0.0,0.0,0.26094853094512904,4.0,0.41847788800960356
2,Away,2912.8,2914.52,Player16,Player21,0.3,0.2,0.34,0.33,0.08003494213084139,0.6468010989551641,0.6815423684555494,0.14381524710544427,0.0,0.0,0.07907831691126178,0.0,0.4745825688122842
2,Away,2915.8,2917.92,Player21,Player15,0.34,0.38,0.33,0.8,-0.06327769283938134,0.15541536679871784,0.7340980860893181,0.20119953404518606,0.0,0.0,0.19816935412831216,0.0,0.27908764629317023
2,Away,2921.6,2922.72,Player15,Player17,0.51,0.83,0.64,1.01,-0.03349734189086728,0.03278151129458969,0.6242595614005444,0.09608631536280282,0.0,0.0,0.19824645813550612,3.0,0.44930432046070407
2,Away,2925.4,2926.6,Player17,Player21,0.65,0.96,0.6,0.75,0.1063147840619067,0.6339307327820135,0.47169905660283024,0.1251667164225378,0.0,0.0,0.17989194287438479,0.0,0.5488941182104116
2,Away,2928.16,2929.36,Player21,Player18,0.6,0.69,0.61,0.45,0.04963973148294054,0.46628440467130067,0.39319206502675,0.11386937472384755,0.0,0.0,0.20017353582435968,0.0,0.5211321045665043
2,Away,2932.48,2934.56,Player18,Player22,0.68,0.37,0.79,0.04,-0.16026955440741042,-0.06408762883384234,0.5056678751908212,0.10356598862561006,0.0,0.0,0.16723583779737206,4.0,0.42280984393585547
2,Away,2946.8,2949.72,Player22,Player20,0.86,-0.01,0.66,0.13,0.026372931831049606,0.33613752869641805,0.5024937810560445,0.08130823574521834,0.0,0.0,0.08360654531325547,0.0,0.48210242142241905
2,Away,2950.8,2951.8,Player20,Player21,0.64,0.16,0.69,0.08,-0.026838589319929662,-0.1969351755393554,0.5220153254455275,0.09345839983650488,0.0,0.0,0.09433981132056601,2.0,0.4120361212877612
2,Away,2965.2,2966.72,Player22,Player20,0.71,-0.01,0.54,0.07,-0.042996853902341425,-0.07711204133916665,0.6296824596572466,0.10930039798646665,0.0,0.0,0.12360719886879049,0.0,0.33447932057429824
2,Away,2967.96,2969.16,Player20,Player16,0.52,0.1,0.44,0.34,0.04241118293009094,0.3643970432672276,0.5824087911424415,0.1307482604090777,0.0,0.0,0.21081851067792395,0.0,0.4455715771134977
2,Away,2970.36,2972.36,Player16,Player20,0.43,0.35,0.46,0.15,-0.05409954059619171,-0.10822049245478482,0.6435060217278468,0.14385667937221408,0.0,0.0,0.10111874208078342,0.0,0.2977799314120058
2,Away,2974.92,2975.8,Player20,Player21,0.49,0.16,0.51,0.29,0.07983959941840457,0.674760829915798,0.5331041174104736,0.06725965952931966,0.0,0.0,0.14946530043141218,0.0,0.5657304345918684
2,Away,2981.2,2981.8,Player21,Player22,0.61,0.12,0.62,0.02,-0.06769097899807941,-0.6231224625529597,0.6122091146005587,0.07960510159531235,0.0,0.0,0.16749792701857993,0.0,0.25870568720615594
2,Away,2982.92,2984.12,Player22,Player20,0.6,0.02,0.47,0.14,-0.015882765113121478,0.050659048097800426,0.6407027391856539,0.07143548767944409,0.0,0.0,0.14743171677464012,0.0,0.390785799360729
2,Away,2985.52,2986.96,Player20,Player18,0.43,0.18,0.51,0.34,0.13822092106177386,0.8278091219439243,0.5154609587543949,0.044685317499151785,0.0,1.0,0.12422599874998363,2.0,0.6908112036019582
2,Away,2986.96,2989.16,Player18,Player16,0.51,0.34,0.33,0.41,-0.16055679249182786,-0.77345699163205,0.6760177512462228,0.08851712659141167,0.0,0.0,0.08778730870831619,0.0,0.16760171876782196
2,Away,2989.96,2990.96,Player16,Player18,0.33,0.41,0.46,0.5,0.13601775124622273,0.8906453010303941,0.54,0.06867075724061876,0.0,0.0,0.158113883008419,3.0,0.7061195736032707
2,Away,2994.12,2997.0,Player18,Player15,0.46,0.54,0.44,0.97,-0.18961561423013418,-0.12012585048763005,0.7310950690573695,0.1536166559979744,0.0,0.0,0.14946696701409767,0.0,0.2052178495482862
2,Away,2998.36,2999.16,Player15,Player19,0.48,1.0,0.56,0.87,0.14649625780266495,0.9680697647843222,0.5748912940721924,0.04348811331846899,0.0,1.0,0.190804219030987,1.0,0.678539656911077
2,Away,2999.16,2999.92,Player19,Player17,0.56,0.87,0.57,1.0,-0.08457818967970954,-0.5829958327918068,0.659469483751902,0.05553716773477016,0.0,2.0,0.1715579580315994,0.0,0.26185179598464436
2,Away,3000.88,3001.68,Player17,Player19,0.56,0.97,0.52,0.89,0.02535090027014575,0.34730832456524247,0.6184658438426491,0.05650749773260176,0.0,2.0,0.1118033988750276,0.0,0.4728193227932746
2,Away,3004.04,3007.04,Player19,Player24,0.54,0.82,0.78,0.7,0.2630356540985059,0.9896211550426478,0.29732137494637007,0.026732601818753067,0.0,2.0,0.08944271909999159,4.0,0.8931310349215769
2,Away,3009.28,3010.48,Player23,Player19,0.86,0.68,0.76,0.57,-0.021964914980172334,0.1710871429794637,0.24999999999999997,0.03960008207062207,0.0,1.0,0.12388390622767304,0.0,0.5202190959268553
2,Home,3013.72,3015.2,Player11,Player12,0.95,0.48,0.71,0.42,0.23571767587809178,0.9648185951436138,0.71449282711585,0.038665986344589745,0.0,1.0,0.16715293076828147,6.0,0.825207244130776
2,Home,3015.2,3015.84,Player12,Player5,0.71,0.42,0.66,0.32,0.030387572056367218,0.3442503397118801,0.6841052550594828,0.04854062319336246,0.0,2.0,0.17469281074208162,1.0,0.49269847651467896
2,Home,3018.96,3020.28,Player5,Player7,0.55,0.07,0.65,0.11,-0.0598833593016066,-0.5027062295283677,0.7580237463298891,0.10328847563983116,0.0,0.0,0.08159340616869447,0.0,0.23019409638488303
2,Home,3021.48,3022.28,Player7,Player12,0.62,0.06,0.58,0.19,0.10261579045163327,0.7929756820376597,0.6576473218982952,0.08519881924064442,0.0,0.0,0.1700183813591544,1.0,0.5819424455577865
2,Home,3023.92,3025.72,Player12,Player6,0.58,0.25,0.63,0.52,0.0012679266127481048,0.2219936409800505,0.630317380372777,0.05058342020860198,0.0,1.0,0.15255033575275623,0.0,0.4429469438907567
2,Home,3026.88,3028.68,Player6,Player4,0.63,0.55,0.51,0.78,0.050173484061444173,0.39097034561511346,0.5818075283115542,0.15150021320117016,0.0,0.0,0.14412357523416458,3.0,0.5198114161241807
2,Home,3030.4,3031.4,Player4,Player8,0.45,0.82,0.37,0.98,-0.053875295288929426,-0.1538811736073247,0.6060528029800704,0.08968771599277127,0.0,0.0,0.1788854381999832,1.0,0.36343182685720615
2,Home,3034.36,3035.36,Player8,Player6,0.36,0.92,0.44,0.8,0.02063158920979935,0.270742183295663,0.532541078227774,0.11352612254454915,0.0,0.0,0.1442220510185596,0.0,0.44176740619761434
2,Home,3037.08,3037.96,Player6,Player12,0.43,0.76,0.41,0.58,0.08476180957193608,0.6087477646732818,0.4177319714841084,0.024056843101288257,0.0,1.0,0.2058042076849158,0.0,0.6141157505635918
2,Home,3037.96,3038.72,Player12,Player6,0.41,0.58,0.42,0.71,-0.05184230379084742,-0.2662182671507497,0.4695742752749558,0.07663341438302224,0.0,0.0,0.17155795803170204,0.0,0.35986713044778174
2,Home,3042.2,3045.2,Player6,Player7,0.36,0.61,0.39,0.11,-0.1751126848311329,0.23441462861412296,0.5515432893255071,0.17180904981985087,0.0,0.0,0.1669663971515759,0.0,0.30048673546160637
2,Home,3047.36,3047.88,Player7,Player5,0.32,0.08,0.27,0.03,-0.01401805801694267,-0.13391430929688605,0.5420332093147061,0.05395834411840306,0.0,1.0,0.13598207330511006,3.0,0.477361830387443
2,Home,3048.68,3049.48,Player5,Player10,0.28,0.07,0.3,0.2,0.08886359571477137,0.7452690212103082,0.4242640687119285,0.06742065707184998,0.0,0.0,0.16441183047453642,0.0,0.6073941279489178
2,Home,3049.48,3051.0,Player10,Player7,0.3,0.2,0.14,0.08,-0.018454803711644596,0.14141968959028436,0.4427188724235731,0.09748148388283796,0.0,0.0,0.13157894736842263,8.0,0.6498261597165561
2,Home,3080.44,3081.92,Player6,Player12,0.02,0.01,0.06,0.41,0.38224145514564944,0.9901463521534222,0.1081665382639197,0.019656296701057386,1.0,4.0,0.271618260030291,0.0,0.8544202696853065
2,Home,3117.08,3118.76,Player11,Player4,0.9,0.6,0.75,0.92,0.04594558690007755,0.32184570825469117,0.8595929269136642,0.1518303164720406,0.0,0.0,0.21036425056034802,1.0,0.3879789849597692
2,Home,3119.84,3121.52,Player4,Player3,0.75,0.93,0.86,0.77,-0.03686482900395782,-0.08161514528543282,0.9013878188659973,0.11066169346255275,0.0,0.0,0.11557433237469937,0.0,0.2713451975717908
2,Home,3123.08,3125.88,Player3,Player7,0.87,0.74,0.65,0.13,0.15456605933687328,0.5772053645262624,0.7479304780526062,0.13311754242022347,0.0,0.0,0.2315927548124632,4.0,0.6012111550765051
2,Home,3128.32,3129.52,Player7,Player12,0.54,0.1,0.53,0.27,0.09425763163028622,0.6413813085995934,0.5777542730261715,0.03209532053119271,0.0,1.0,0.1419115530494082,0.0,0.5795163993145478
2,Away,3143.76,3145.8,Player21,Player20,0.52,0.39,0.5,0.25,-0.06657410428514221,-0.35897392474370904,0.5590169943749475,0.10867814131645796,0.0,0.0,0.0693241942339765,0.0,0.29360008155510203
2,Away,3145.8,3146.96,Player20,Player22,0.5,0.25,0.56,0.12,-0.022360679774997894,-0.031234362138694054,0.5813776741499453,0.1139572384712792,0.0,0.0,0.12342949192481166,2.0,0.4141348208325917
2,Away,3149.28,3150.8,Player22,Player16,0.56,0.15,0.41,0.39,-0.03793893165012252,0.11312048795444307,0.6001666435249464,0.16233775562080438,0.0,0.0,0.18619699602743522,0.0,0.34120114167215604
2,Away,3151.88,3153.48,Player16,Player15,0.41,0.41,0.45,0.8,-0.029673271852012517,0.2508720934267358,0.6264982043070835,0.1669194063013645,0.0,0.0,0.24502869729892218,0.0,0.35941767040713274
2,Away,3158.0,3161.48,Player15,Player22,0.53,0.8,0.61,0.1,-0.0010750345605109457,0.6302651406942454,0.5586591089385369,0.08798488563384056,0.0,0.0,0.2024587925725109,1.0,0.5284644125178266
2,Away,3164.04,3164.44,Player22,Player20,0.55,0.13,0.49,0.24,0.01012959529071178,0.18767605787136632,0.5724508712544685,0.10741449110804371,0.0,0.0,0.3132491021534705,0.0,0.4212784928874516
2,Away,3168.36,3168.96,Player20,Player21,0.49,0.27,0.53,0.37,0.07181661561851022,0.7202468353081947,0.48764741360946434,0.04067131790340705,0.0,1.0,0.17950549357117734,2.0,0.652098952047941
2,Away,3168.96,3170.28,Player21,Player16,0.53,0.37,0.41,0.44,-0.10539558651784525,-0.69818441554456,0.5930430001273096,0.11731315228907624,0.0,0.0,0.10524578779884915,0.0,0.20715782875610134
2,Home,3187.08,3187.96,Player4,Player6,0.84,1.01,0.77,0.94,0.09585200893671153,0.9713890212446064,0.8868483523128404,0.022495584011089774,0.0,1.0,0.11249426064330044,1.0,0.5933679838155231
2,Home,3187.96,3188.96,Player6,Player4,0.77,0.94,0.85,0.98,-0.08931761718210152,-0.9984477659515102,0.9761659694949419,0.06542436625600581,0.0,0.0,0.08944271909999157,0.0,0.10920885342892529
2,Home,3194.76,3195.76,Player5,Player7,0.7,0.37,0.69,0.16,-0.05725128409218494,-0.13561909944917558,0.7692203845452874,0.057442549560408576,0.0,1.0,0.21023796041628637,0.0,0.3209433139971452
2,Home,3195.76,3198.04,Player7,Player2,0.69,0.16,0.84,0.29,-0.09663179683442125,-0.38837650880368035,0.8658521813797087,0.1577322541524085,0.0,0.0,0.08705891772491854,0.0,0.17015682367360715
2,Home,3200.0,3201.16,Player2,Player7,0.84,0.25,0.77,0.06,-0.010435207728621054,0.06367591367454234,0.8868483523128404,0.07218630410264815,0.0,0.0,0.17455566147688903,1.0,0.36433472497972513
2,Home,3202.8,3203.28,Player7,Player12,0.78,0.06,0.76,0.19,0.07475222693070849,0.6180412420168419,0.820792300158816,0.02303208631453086,0.0,1.0,0.27401971745761267,0.0,0.5175670193631898
2,Home,3206.64,3207.84,Player12,Player10,0.64,0.22,0.49,0.29,0.16546585045244566,0.9996981442370966,0.5331041174104736,0.030865309005419058,0.0,1.0,0.13794121131035905,3.0,0.7638146290096837
2,Home,3213.64,3214.92,Player10,Player5,0.25,0.56,0.22,0.33,-0.02092957284550806,0.3571745063976492,0.2780287754891569,0.053351833145638024,0.0,1.0,0.18120958601158424,0.0,0.5363871389954384
2,Home,3221.72,3224.04,Player7,Player10,0.35,0.27,0.21,0.06,-0.06873703790251778,0.006622308686258117,0.48754486972995625,0.11900622252638725,0.0,0.0,0.10878818503554373,4.0,0.4708195112967252
2,Home,3225.24,3226.92,Player10,Player7,0.21,0.06,0.29,0.12,0.009528133621271473,0.1969009150768444,0.4780167361086848,0.09946892630364518,0.0,0.0,0.05952380952379921,0.0,0.4449176591617952
2,Home,3228.12,3229.72,Player7,Player2,0.3,0.12,0.48,0.21,-0.07665425823598992,-0.20321437115067614,0.5608029957123981,0.10940585450514063,0.0,0.0,0.12577882373437033,0.0,0.31428890003908416
2,Home,3230.84,3232.04,Player2,Player3,0.51,0.24,0.56,0.56,0.009245757641319519,0.3112056735735724,0.563205113613149,0.1439936432624719,0.0,0.0,0.26990224567840176,0.0,0.4182180713582678
2,Home,3234.28,3234.96,Player3,Player6,0.53,0.68,0.47,0.65,0.06637622342450078,0.9907062876668679,0.4933558553417604,0.08802547642586206,0.0,0.0,0.0986500578308969,2.0,0.6593302413061809
2,Home,3236.68,3237.68,Player6,Player8,0.43,0.71,0.36,0.77,0.0285394445602159,0.3966441022566637,0.45,0.054714129802090415,0.0,1.0,0.09219544457292891,2.0,0.5769906585589162
2,Home,3238.88,3240.2,Player8,Player4,0.33,0.8,0.28,1.0,-0.127079888856221,-0.4731214920629997,0.5730619512757762,0.14053683538489123,0.0,0.0,0.15617824339464276,0.0,0.22385001179349312
2,Home,3244.88,3246.64,Player4,Player8,0.2,0.77,0.15,0.92,-0.1099761100913263,-0.5740830039288224,0.4459820624195552,0.06524386944380299,0.0,0.0,0.08983743352752287,2.0,0.3477259986649964
2,Home,3247.76,3249.44,Player8,Player6,0.16,0.93,0.33,0.85,-0.02223774895404923,0.08352453289055269,0.48104053883222775,0.03135888071982164,0.0,1.0,0.11183508469082007,0.0,0.4564054459771892
2,Home,3250.48,3253.08,Player6,Player2,0.37,0.85,0.54,0.44,-0.034009845158371355,0.35654555101767405,0.543323108288245,0.07975504059305598,0.0,0.0,0.17071031554748403,0.0,0.44979075804515184
2,Home,3253.08,3254.68,Player2,Player7,0.54,0.44,0.48,0.18,-0.033565095785993204,0.11587990025994599,0.5768882040742382,0.10742647904497288,0.0,0.0,0.16677080080158868,1.0,0.411850650045903
2,Home,3256.96,3258.36,Player7,Player10,0.47,0.17,0.32,0.29,0.19152897643435635,0.9980329355277366,0.3827531841800928,0.014848316402878814,1.0,1.0,0.1372098050878378,4.0,0.808488118252688
2,Home,3258.36,3259.52,Player10,Player5,0.32,0.29,0.34,0.04,-0.18926080166291087,-0.6135735582401359,0.5720139858430037,0.06469483209654385,0.0,0.0,0.21620579662044867,0.0,0.22266125643952703
2,Home,3259.52,3262.04,Player5,Player10,0.34,0.04,0.15,0.14,0.1820139858430037,0.9005223181792713,0.38999999999999996,0.05543187260051746,0.0,1.0,0.0852020260062859,5.0,0.826326665161058
2,Home,3295.76,3298.8,Player6,Player5,0.02,0.01,0.12,0.73,0.2309855579881122,0.984055111597613,0.25942243542145693,0.07824014634444384,0.0,0.0,0.23911555059719034,0.0,0.7471401333196913
2,Home,3298.8,3299.08,Player5,Player2,0.12,0.73,0.11,0.67,0.056937868108291045,0.9505070535543121,0.2024845673131659,0.024287877634737866,0.0,1.0,0.21724151893941948,1.0,0.7342778967007814
2,Away,3315.2,3316.32,Player25,Player15,0.1,0.67,0.18,0.82,0.035687599816615956,0.29863874037636967,0.8802272433866155,0.20544934947572846,0.0,0.0,0.1517857142856674,0.0,0.31111476198409044
2,Away,3318.2,3320.0,Player15,Player16,0.19,0.79,0.18,0.52,0.04010490031310243,0.3019946667757823,0.8202438661763952,0.11591383049489824,0.0,0.0,0.15010284540116592,0.0,0.3866017903884439
2,Away,3320.0,3321.64,Player16,Player15,0.18,0.52,0.22,0.8,-0.015459430454652034,0.11724087396175015,0.8357032966310473,0.16135686784267977,0.0,0.0,0.17246506858209817,0.0,0.2972200601331877
2,Away,3321.64,3322.8,Player15,Player21,0.22,0.8,0.3,0.76,0.08897710852726848,0.9953366975822432,0.7467261881037788,0.07874750345249049,0.0,0.0,0.0771057923275584,1.0,0.5895379045195426
2,Away,3326.96,3327.56,Player21,Player23,0.44,0.79,0.55,0.69,0.14216761134431,0.9663837819506907,0.48846698967279245,0.06853419000761587,0.0,0.0,0.24776781245534613,4.0,0.7624234066103687
2,Away,3328.6,3329.32,Player23,Player19,0.57,0.69,0.61,0.82,-0.034373559283451094,-0.11729310153900736,0.5044799302251775,0.03327985877373881,0.0,2.0,0.1889093126212588,1.0,0.43984386931153446
2,Away,3332.24,3333.12,Player19,Player21,0.65,0.82,0.58,0.77,-0.025063281257622194,-0.20835200907055734,0.49929950931279715,0.05892884947120551,0.0,1.0,0.09775369621638137,0.0,0.38507642929050634
2,Away,3337.0,3338.2,Player21,Player18,0.65,0.54,0.64,0.32,-0.05021393687379144,0.06831459715057447,0.40249223594996214,0.05851533986913173,0.0,1.0,0.1835226295462382,0.0,0.44285110930722554
2,Away,3339.4,3340.4,Player18,Player22,0.66,0.27,0.72,0.06,-0.11104867738073615,-0.311200450450391,0.521536192416212,0.1144787456255527,0.0,0.0,0.21840329667841554,1.0,0.31526154873443557
2,Away,3343.0,3344.0,Player22,Player21,0.71,0.15,0.66,0.23,0.020366860172692236,0.3148208438615352,0.4341658669218482,0.0748096471051695,0.0,0.0,0.09433981132056601,0.0,0.4964268485666282
2,Away,3347.36,3348.16,Player21,Player20,0.64,0.25,0.54,0.25,-0.08525346449211446,-0.8213512258614014,0.523545604508337,0.058621549791864055,0.0,1.0,0.1250000000000426,0.0,0.25208576713491004
2,Away,3349.32,3350.72,Player20,Player16,0.5,0.24,0.46,0.46,0.022080657316979502,0.29519856670638245,0.5414794548272354,0.16530892292916313,0.0,0.0,0.1597191412500265,0.0,0.41067802148379245
2,Away,3352.92,3353.8,Player16,Player24,0.51,0.48,0.67,0.44,0.15499779678460074,0.9594323532251143,0.3354101966249684,0.04334509199436545,0.0,1.0,0.1874138920735068,4.0,0.8188996368194386
2,Away,3354.48,3355.28,Player24,Player19,0.68,0.47,0.67,0.64,-0.037065792978934475,0.03471334835315758,0.35846896657869837,0.05790053972114597,0.0,1.0,0.21286732957403165,0.0,0.4550694574809437
2,Away,3356.04,3358.04,Player19,Player17,0.67,0.64,0.85,0.95,-0.11587268244655852,0.12451264970700604,0.4743416490252569,0.0853141354055704,0.0,0.0,0.17923448328934918,3.0,0.46710939289080167
2,Home,3359.24,3362.12,Player3,Player8,0.91,0.6,0.76,0.79,0.10202857194905579,0.5301993348764819,0.8134494452638099,0.016280248769598157,1.0,1.0,0.0840536002563177,3.0,0.5591635091769811
2,Home,3375.96,3377.64,Player11,Player4,0.85,0.65,0.73,0.88,0.04015144373920798,0.30145060846694055,0.8229823813423954,0.1365556333513927,0.0,0.0,0.15441811632231084,1.0,0.3994594593588144
2,Home,3379.28,3380.36,Player4,Player9,0.7,0.89,0.53,0.76,0.21097253937680738,0.9895670724922301,0.5903388857258177,0.01888504699491114,1.0,1.0,0.19815680147253828,5.0,0.7928644482716819
2,Home,3380.36,3381.16,Player9,Player12,0.53,0.76,0.61,0.8,-0.08944049024847589,-0.9999523672353452,0.6797793759742936,0.06574396398149407,0.0,0.0,0.1118033988750276,0.0,0.17925402005016092
2,Home,3381.68,3382.48,Player12,Player6,0.61,0.79,0.62,0.63,0.04194335304225705,0.37218325788695517,0.6334824385884742,0.07466071322991766,0.0,0.0,0.20039024427347193,0.0,0.4710829029844269
2,Home,3382.48,3384.4,Player6,Player3,0.62,0.63,0.73,0.68,-0.11838191087890138,-0.9758968592461673,0.7518643494673756,0.07391576963003223,0.0,0.0,0.06293253111246934,0.0,0.14598787569074248
2,Home,3385.88,3389.08,Player3,Player7,0.74,0.63,0.71,0.09,-0.06854588946031193,0.22739242548275276,0.8198780397107853,0.1921383251722571,0.0,0.0,0.16901021603738411,0.0,0.27330869176997374
2,Home,3389.96,3391.68,Player7,Player2,0.71,0.08,0.78,0.23,-0.00048475058624253275,0.09740003530564009,0.8254089895318563,0.09493860858470597,0.0,0.0,0.09623805440260919,0.0,0.3455629470009237
2,Home,3391.96,3392.96,Player2,Player6,0.78,0.23,0.71,0.3,0.08777764529545518,0.8994971503443604,0.7376313442364011,0.04355455659285253,0.0,1.0,0.09899494936611669,2.0,0.6261065163071179
2,Home,3392.96,3394.28,Player6,Player7,0.71,0.3,0.69,0.05,-0.08614046882835769,-0.19351560559955894,0.8237718130647588,0.15275139442898714,0.0,0.0,0.18999903339368027,0.0,0.22202838216421075
2,Home,3435.28,3436.32,Player7,Player10,0.53,0.01,0.45,0.07,0.09938864452092622,0.99471705866464,0.6224146527838174,0.007943500487820247,1.0,1.0,0.09615384615384953,2.0,0.6570822426746677
2,Home,3436.32,3437.16,Player10,Player7,0.45,0.07,0.53,0.03,-0.08596377715317616,-0.9556063555876398,0.7083784299369935,0.05517721359401905,0.0,1.0,0.1064794275000292,0.0,0.18815067535112154
2,Home,3438.0,3439.2,Player7,Player2,0.54,0.04,0.66,0.08,-0.07293837458558983,-0.5171098768737521,0.7823042886243179,0.049376951100690736,0.0,1.0,0.10540925533896195,0.0,0.25172002596091925
2,Away,3443.64,3444.4,Player22,Player21,0.54,0.13,0.53,0.24,0.053216925645986235,0.5536295148261193,0.5371219600798314,0.06104048656424683,0.0,0.0,0.14533369759452747,0.0,0.5364691586235738
2,Away,3448.64,3450.64,Player21,Player17,0.59,0.44,0.67,0.93,-0.12766622221269286,0.30233934251421457,0.5420332093147061,0.1568999697259372,0.0,0.0,0.2482438317461282,0.0,0.347736625622779
2,Away,3452.24,3454.16,Player17,Player21,0.69,0.95,0.63,0.61,0.16043786238019436,0.7123836401355345,0.38600518131237566,0.051747937156953416,0.0,2.0,0.17981954689199386,0.0,0.6557587087955442
2,Away,3459.52,3460.92,Player21,Player22,0.68,0.3,0.75,0.05,-0.13742226176708588,-0.2817213145181274,0.51478150704935,0.11208531081279113,0.0,0.0,0.1854393569392332,2.0,0.33700498138144513
2,Away,3465.24,3465.92,Player22,Player21,0.75,0.11,0.71,0.25,0.08036559849448582,0.6612194663223571,0.38288379438153297,0.03676966140719828,0.0,1.0,0.21412087909639424,0.0,0.6206066524575835
2,Away,3468.12,3471.04,Player21,Player17,0.69,0.32,0.83,0.95,-0.12257157225352922,0.6777743269165789,0.4810405388322277,0.1483318108161563,0.0,0.0,0.22101647671591984,4.0,0.5385671136194337
2,Home,3551.68,3552.8,Player10,Player12,0.49,0.5,0.56,0.41,-0.0771860364994893,-0.613929624700622,0.5671860364994893,0.044120419308977595,0.0,1.0,0.10180137724096311,0.0,0.28826091975779666
2,Home,3552.8,3553.88,Player12,Player6,0.56,0.41,0.56,0.55,0.004958324624665389,0.15867609709638456,0.5622277118748239,0.09077141014658753,0.0,0.0,0.12962962962963842,0.0,0.42374214527881904
2,Home,3570.8,3572.8,Player6,Player7,0.54,0.54,0.45,0.05,-0.09491664824065738,0.25281328580332224,0.6363961030678927,0.1537308667769749,0.0,0.0,0.24909837414162303,1.0,0.36208274426358966
2,Home,3573.96,3575.08,Player7,Player12,0.43,0.06,0.45,0.23,0.09043786607480386,0.6286184354233836,0.524785670536077,0.040335046795559784,0.0,1.0,0.15283252471986927,0.0,0.5829782208014689
2,Home,3579.44,3580.84,Player12,Player7,0.26,0.25,0.2,0.04,-0.14090367222194944,-0.4684066103753831,0.5015974481593781,0.11791598449743783,0.0,0.0,0.15600235477028668,0.0,0.2497629240736298
2,Home,3584.88,3586.08,Player7,Player5,0.12,0.04,0.1,0.24,0.1968268074165061,0.9879217504740675,0.2785677655436824,0.009462795570020539,1.0,2.0,0.1674979270187069,1.0,0.7571118480169229
2,Home,3587.64,3589.04,Player5,Player7,0.08,0.18,0.17,0.08,-0.12325198031895479,-0.8833291153911276,0.45310043036836767,0.05321414191735126,0.0,1.0,0.09609731462194882,0.0,0.24358078904502972
2,Home,3589.04,3590.32,Player7,Player2,0.17,0.08,0.31,0.17,0.00033117346149685867,0.18564699226747194,0.4527692569068708,0.07847172293253155,0.0,0.0,0.13002591388352058,0.0,0.45987264566546315
2,Home,3595.0,3596.0,Player5,Player10,0.16,0.18,0.18,0.34,0.11693898482412046,0.8320358715109314,0.2408318915758459,0.04087701065391156,0.0,1.0,0.16124515496597103,0.0,0.6955420325186834
2,Home,3598.2,3598.68,Player10,Player5,0.17,0.32,0.15,0.26,-0.03543106589889913,-0.4725456318451907,0.2830194339616981,0.041336000048383954,0.0,2.0,0.1317615691736775,1.0,0.4277081913594741
2,Home,3599.12,3600.2,Player5,Player10,0.15,0.26,0.08,0.31,0.07686415268081506,0.9241289219329097,0.20615528128088303,0.022182267692911845,0.0,2.0,0.07965115988002967,5.0,0.8452802569030576
2,Away,3668.2,3669.24,Player19,Player21,0.5,0.51,0.42,0.48,-0.08024473513987695,-0.9290991589174771,0.5803447251418764,0.13108416113322008,0.0,0.0,0.08215388216651763,0.0,0.1752095623717675
2,Away,3672.6,3674.28,Player21,Player17,0.46,0.56,0.51,0.95,-0.12195878685095074,0.016851460490430653,0.6652818951391958,0.06860441530980342,0.0,0.0,0.23404289584921537,2.0,0.3866408785762918
2,Away,3675.4,3676.32,Player17,Player15,0.48,0.93,0.37,0.84,-0.041131836850324066,-0.1929046471034322,0.7158910531638176,0.034094523020567404,0.0,1.0,0.15448554786468235,0.0,0.34612301207219087
2,Home,3679.8,3680.8,Player5,Player8,0.42,0.59,0.27,0.8,0.025925910486079173,0.39783168735833563,0.4036087214122114,0.04598258474683646,0.0,1.0,0.25806975801127885,3.0,0.622993929517349
2,Away,3703.12,3705.92,Player25,Player19,0.05,0.52,0.49,0.81,0.3533855705388709,0.8231886119648775,0.596824932455071,0.04351029418425033,0.0,1.0,0.18820445894649343,6.0,0.8833300030289348
2,Home,3713.28,3715.08,Player3,Player11,0.86,0.84,0.96,0.57,-0.03777845833089988,0.021782877598762074,0.9625487000666512,0.10046312009887005,0.0,0.0,0.15995755609877946,0.0,0.28078300819441837
2,Home,3748.64,3749.88,Player12,Player10,0.44,0.6,0.35,0.44,0.09611494881584509,0.6712212717862616,0.35510561809129404,0.06670352389491876,0.0,0.0,0.14804483669905094,3.0,0.6963838845105959
2,Away,3755.84,3758.04,Player25,Player19,0.1,0.42,0.36,0.8,0.19672467796322968,0.6355372031492937,0.7068238818828917,0.16024526826087565,0.0,0.0,0.20928844424040532,3.0,0.5952077209468835
2,Away,3765.2,3766.4,Player19,Player17,0.6,0.86,0.53,0.94,-0.10567178222984641,-0.9928925303417953,0.6438167441127949,0.0760419910312716,0.0,0.0,0.08858454843943522,0.0,0.17396242339003018
2,Away,3767.08,3768.6,Player17,Player19,0.53,0.94,0.64,0.97,0.051786339488167576,0.5244702636462377,0.5920304046246273,0.057546677575686364,0.0,1.0,0.07501154112494418,3.0,0.5999891845279184
2,Away,3774.0,3774.92,Player19,Player21,0.63,0.94,0.61,0.73,0.12212203716532155,0.7008895860633737,0.45276925690687087,0.05326320024181805,0.0,1.0,0.22929372945355778,0.0,0.6198732601474427
2,Away,3775.64,3777.36,Player21,Player16,0.61,0.71,0.5,0.51,-0.05715529819499743,-0.008901636396595181,0.5000999900019995,0.15781813900816344,0.0,0.0,0.1327059559361818,0.0,0.33783085249687955
2,Away,3780.08,3780.96,Player16,Player20,0.56,0.42,0.57,0.26,-0.045229294589847424,-0.11716331983840081,0.4924428900898053,0.14208719330045202,0.0,0.0,0.1821729493395387,0.0,0.3390774620975072
2,Away,3783.12,3784.92,Player20,Player22,0.64,0.23,0.77,0.05,-0.055371150739731145,-0.018014913664240486,0.5053711507397312,0.11284593258066504,0.0,0.0,0.12335335172873485,2.0,0.4192731672088332
2,Away,3790.08,3790.8,Player22,Player21,0.77,0.13,0.7,0.16,-0.017770943734346067,-0.1506936021288966,0.45343136195018535,0.0681232508032317,0.0,0.0,0.10577462647029473,0.0,0.40287743134840975
2,Away,3792.44,3793.56,Player21,Player18,0.7,0.16,0.81,0.04,-0.044263323574986746,-0.10567061302851855,0.4976946855251721,0.0711338400481796,0.0,0.0,0.14534661246519018,4.0,0.49397918532792817
2,Home,3797.36,3800.24,Player3,Player2,0.89,0.41,0.98,0.23,-0.12197466227505549,-0.5349301660736044,1.0165136496870073,0.018262540896600336,1.0,1.0,0.0698771242968768,0.0,0.1492526369486385
2,Away,3806.6,3809.88,Player21,Player25,0.41,0.01,0.18,0.28,-0.08205743151908451,-0.012498977603392119,0.848999411071645,0.17117900104860992,0.0,0.0,0.10813504787175071,0.0,0.23361667918026907
2,Away,3810.56,3812.04,Player25,Player21,0.19,0.28,0.3,0.07,0.017822006768097087,0.21559885648975513,0.8215229759416348,0.15031489413893756,0.0,0.0,0.160179318799048,0.0,0.33934560997190427
2,Away,3816.84,3818.56,Player21,Player23,0.33,0.16,0.45,0.39,0.19044000375526704,0.8136946294868569,0.5608921464952064,0.045580930223065884,0.0,1.0,0.1508269973380739,2.0,0.7025773924523862
2,Away,3818.56,3823.88,Player23,Player15,0.45,0.39,0.16,0.97,-0.4016565535714448,-0.26311668237958136,0.9625487000666512,0.06516958876654044,0.0,0.0,0.12189092358551111,0.0,0.08380048978040455
2,Away,3823.88,3824.68,Player15,Player17,0.16,0.97,0.23,1.0,0.04445284450471698,0.6097683662046545,0.9180958555619342,0.059263631343345814,0.0,1.0,0.09519716382333135,1.0,0.4784519545011308
2,Away,3824.68,3826.88,Player17,Player16,0.23,1.0,0.17,0.79,0.03889166994860349,0.29324319572958873,0.8792041856133307,0.19553668607194916,0.0,0.0,0.09927422576290383,0.0,0.31744570027183755
2,Away,3830.88,3832.16,Player16,Player21,0.26,0.65,0.41,0.39,0.1548830237155603,0.6618375853541314,0.6001666435249464,0.06949342558832454,0.0,0.0,0.23450517218447842,1.0,0.6107504101114184
2,Away,3834.24,3836.16,Player21,Player22,0.45,0.33,0.63,0.08,0.01594143981870899,0.3185933016707729,0.5597320787662612,0.13004334239014312,0.0,0.0,0.16044710209113314,4.0,0.5384177740529735
2,Home,3838.96,3841.8,Player3,Player2,0.9,0.4,0.96,0.23,-0.09170769450193794,-0.4349176990517151,0.9972462083156797,0.13506727953135056,0.0,0.0,0.06347801541309515,1.0,0.17527155102881684
2,Away,3854.36,3856.6,Player22,Player19,0.67,-0.02,0.6,0.25,0.14417430700368256,0.6828326266805398,0.47169905660283024,0.03548359057367221,0.0,1.0,0.12452076500877421,0.0,0.6325049994498687
2,Away,3925.6,3927.92,Player15,Player24,0.37,0.62,0.57,0.61,0.19747992936951558,0.9904491613117514,0.443846820423443,0.005704673522647929,1.0,1.0,0.08631458790732487,5.0,0.8276215161749634
2,Home,3931.92,3933.96,Player2,Player4,0.69,0.67,0.57,0.88,0.02557877783943685,0.27402788471127326,0.6850547423381579,0.2000343095571357,0.0,0.0,0.11856261394556901,2.0,0.40538826923863697
2,Home,3936.28,3937.28,Player4,Player8,0.46,0.88,0.41,0.98,-0.0346112084764133,-0.22485613596277065,0.6312685640834652,0.0964847863655198,0.0,0.0,0.11180339887498948,0.0,0.32230891426005653
2,Home,3937.72,3938.92,Player8,Player6,0.42,0.98,0.48,0.85,0.043754879152913095,0.40735287098817224,0.5940538696111658,0.05748608875197542,0.0,1.0,0.11931517552727582,0.0,0.4965947675067131
2,Home,3941.2,3943.04,Player6,Player12,0.49,0.86,0.44,0.54,0.16621516385491997,0.7093845595850022,0.44181444068749043,0.049932259111720494,0.0,1.0,0.17602320370326482,1.0,0.6729488832569153
2,Home,3944.6,3946.52,Player12,Player5,0.4,0.43,0.24,0.1,-0.060397341502685,0.2746305975503889,0.46647615158762407,0.09368831997639834,0.0,0.0,0.19101167521762033,1.0,0.4604232821858478
2,Home,3957.24,3958.32,Player8,Player4,0.17,0.69,0.18,0.78,-0.07791536386222558,-0.8142831233122221,0.3328663395418648,0.08422517972673015,0.0,0.0,0.08384615868642797,0.0,0.28421454670018714
2,Home,3958.32,3960.2,Player4,Player5,0.18,0.78,0.04,0.36,0.18726414175625442,0.9690079598172563,0.14560219778561037,0.027676482796771713,0.0,1.0,0.23548876192747584,8.0,1.0
2,Away,4026.12,4027.0,Player19,Player21,0.5,0.51,0.42,0.47,-0.08067535382726476,-0.8852860839766697,0.5807753438292642,0.17464151310613407,0.0,0.0,0.10163945352270513,0.0,0.15384740849296843
2,Away,4031.92,4033.32,Player21,Player22,0.57,0.27,0.61,0.06,-0.1003151702340997,-0.2983267506619024,0.587962583843564,0.08226476524004675,0.0,0.0,0.15269684518878973,1.0,0.3265342816289757
2,Away,4033.88,4035.08,Player22,Player20,0.61,0.05,0.5,0.2,0.012387807753846292,0.22208732404586967,0.58309518948453,0.05566373774729832,0.0,1.0,0.15500896031450914,0.0,0.456143464062362
2,Away,4035.68,4036.76,Player20,Player16,0.49,0.21,0.43,0.44,0.01353641051862109,0.2588656529227565,0.573149195236284,0.173046234573307,0.0,0.0,0.2200900800740835,0.0,0.3893771125609901
2,Away,4038.6,4040.08,Player16,Player15,0.44,0.5,0.45,0.79,-0.06177166226839248,0.03446206376100259,0.6217716622683925,0.17768512852796656,0.0,0.0,0.1960624071425234,0.0,0.30213833529578704
2,Away,4049.12,4051.04,Player16,Player25,0.38,0.7,0.15,0.52,-0.1987753625639057,-0.5602640017415171,0.850235261559999,0.23433704145951828,0.0,0.0,0.1521154361094758,0.0,0.04847990641031824
2,Away,4054.08,4055.6,Player25,Player20,0.19,0.51,0.35,0.24,0.10999030111566,0.5203815707554357,0.7000714249274855,0.16626616883780054,0.0,0.0,0.20647835297993952,1.0,0.4788309155567381
2,Away,4056.76,4058.16,Player20,Player22,0.37,0.23,0.56,0.07,0.07019604291687087,0.44932418585638373,0.6152235366108809,0.11493187068868231,0.0,0.0,0.17742489069110642,3.0,0.555534911545975
2,Away,4059.6,4060.88,Player22,Player23,0.57,0.06,0.71,0.31,0.26852482014368667,0.9655006525112078,0.34669871646719436,0.033310433800837834,0.0,1.0,0.2238523247170651,4.0,0.8785521885397576
2,Home,4108.6,4110.12,Player11,Player12,0.88,0.49,0.63,0.61,0.24052573813489264,0.9063782223457505,0.6395310782127793,0.059857833238432565,0.0,1.0,0.1824397976824521,4.0,0.768143241866099
2,Home,4111.72,4114.32,Player12,Player10,0.62,0.55,0.34,0.12,0.11211091024408093,0.6112672305342697,0.5099019513592785,0.1206685132915791,0.0,0.0,0.19735679401031064,6.0,0.7043285294477568
2,Away,4118.12,4119.0,Player16,Player21,0.13,0.46,0.15,0.3,-0.0022934050365288616,0.0783294588286002,0.873212459828649,0.12311683069345151,0.0,0.0,0.18323313064312616,1.0,0.3406022255658353
2,Away,4119.8,4121.0,Player21,Player16,0.14,0.3,0.06,0.4,-0.06235458166195329,-0.431576851063588,0.9453041838477179,0.1044311064769497,0.0,0.0,0.1067187372905637,0.0,0.1960064293356039
2,Away,4121.0,4122.12,Player16,Player21,0.06,0.4,0.16,0.34,0.09020185079043996,0.7982477414176824,0.8551023330572779,0.045112455042925784,0.0,1.0,0.10412414097939052,3.0,0.6091588845481092
2,Away,4123.2,4124.6,Player21,Player22,0.16,0.33,0.09,0.2,-0.10114559485414365,-0.639323903806199,0.9581753492967767,0.06490157008886609,0.0,0.0,0.1054630218587689,0.0,0.16671190798071747
2,Home,4128.4,4130.48,Player7,Player10,0.34,0.11,0.26,0.07,0.014903551755016786,0.25065676230408596,0.5024937810560445,0.023173420118748112,0.0,1.0,0.043001307259612855,5.0,0.6351459593601513
2,Home,4142.0,4142.76,Player10,Player6,0.28,0.13,0.33,0.18,0.004330512942359033,0.1371488783890897,0.4596737973824482,0.05936366902407568,0.0,1.0,0.09304036594557162,0.0,0.46406049160333024
2,Home,4144.16,4145.84,Player6,Player3,0.34,0.19,0.45,0.48,0.009664457630885304,0.36788179354524925,0.45044422518220834,0.11574351817704523,0.0,0.0,0.18461979070557302,0.0,0.4710735586894433
2,Home,4146.92,4149.84,Player3,Player4,0.46,0.51,0.42,0.98,-0.17770006595098525,0.06312379916939306,0.6378087487640789,0.07866132976246966,0.0,0.0,0.16154077280918439,1.0,0.3390447761297862
2,Home,4151.04,4152.24,Player4,Player8,0.41,0.99,0.36,0.84,0.14372857767293357,0.9305014409244423,0.49517673612559787,0.0626996810199223,0.0,0.0,0.13176156917370244,3.0,0.7302343381755141
2,Away,4156.68,4158.28,Player15,Player17,0.16,0.71,0.12,0.74,-0.04628815869960168,-0.9216140871143832,0.9121403400793103,0.005274248761672162,1.0,1.0,0.03125000000001067,0.0,0.15501615395598603
2,Home,4170.08,4172.2,Player2,Player11,0.79,0.66,0.98,0.66,-0.1869356257290472,-0.9800942067480841,0.9929753269845127,0.1596416518330977,0.0,0.0,0.08962264150943855,0.0,0.0
2,Home,4178.6,4180.4,Player11,Player6,0.95,0.69,0.73,0.5,0.2388137075826291,0.870308328830987,0.73,0.11898895284857336,0.0,0.0,0.16149379837505007,2.0,0.6468740861683957
2,Home,4182.16,4183.88,Player6,Player5,0.72,0.48,0.61,0.21,0.04485193258403297,0.35143486706416305,0.6754257916307312,0.0966403275035841,0.0,0.0,0.16950441554780343,1.0,0.47116777773852847
2,Home,4186.48,4187.68,Player5,Player7,0.54,0.2,0.47,0.04,-0.03990951343907512,-0.09454575700693918,0.6576473218982952,0.05809754728041449,0.0,1.0,0.14553540997135328,2.0,0.4145397751783645
2,Home,4188.4,4190.32,Player7,Player6,0.47,0.04,0.57,0.17,-0.0009876301047092584,0.11866885373564852,0.6586349520030045,0.01339227389206175,1.0,1.0,0.08542301805654219,0.0,0.40092984527146586
2,Home,4194.04,4195.24,Player6,Player12,0.63,0.23,0.59,0.38,0.08333985058813698,0.617442131639319,0.6020797289396148,0.07014100441254026,0.0,0.0,0.12936812246885315,2.0,0.5935248516895888
2,Home,4196.24,4197.04,Player12,Player10,0.59,0.36,0.48,0.43,0.12130540400642514,0.9448085901002016,0.4850773134253961,0.0772875261604355,0.0,0.0,0.16298006013002914,3.0,0.7153388148478571
2,Home,4198.04,4200.52,Player10,Player4,0.48,0.45,0.55,0.89,-0.19164317276095688,-0.05394994043997712,0.674240313241503,0.177671811213822,0.0,0.0,0.17965055975759045,0.0,0.21326910603187904
2,Home,4204.12,4205.52,Player4,Player8,0.44,0.85,0.4,0.98,-0.06259226219770853,-0.36483829040675847,0.6248199740725324,0.0707841260453218,0.0,0.0,0.09715336077664388,2.0,0.3584070360261483
2,Home,4206.0,4207.08,Player8,Player9,0.4,0.97,0.34,0.82,0.15026626377122893,0.9477672831797543,0.46690470119715005,0.040598331246493355,0.0,1.0,0.14958791130930185,2.0,0.730663182692634
2,Home,4208.08,4208.68,Player9,Player8,0.36,0.87,0.39,0.98,-0.10222946387703691,-0.8749426110164363,0.6184658438426491,0.04371617778351625,0.0,1.0,0.19002923751640777,0.0,0.22394889086948633
2,Home,4209.12,4211.28,Player8,Player4,0.38,0.98,0.54,0.95,-0.09071335623104015,-0.465576332335805,0.7029224708315989,0.05676243564189259,0.0,1.0,0.07536491016713337,0.0,0.264944261014788
2,Home,4213.4,4215.48,Player4,Player3,0.52,0.92,0.67,0.7,-0.0307828455737974,0.08090592959267745,0.6992138442565337,0.1442046386216477,0.0,0.0,0.12801468226629634,0.0,0.32666926169824867
2,Home,4216.76,4217.84,Player3,Player2,0.68,0.67,0.68,0.36,0.00666575804661107,0.24253450884546593,0.6942621983083913,0.07154523324443084,0.0,0.0,0.2870370370370564,0.0,0.4226916115332923
2,Home,4219.08,4220.36,Player2,Player7,0.7,0.33,0.68,0.1,-0.06857617839456076,-0.1509265588574765,0.7889233169326408,0.05500327262990812,0.0,1.0,0.1803655684471483,1.0,0.33642303920614175
2,Away,4225.8,4227.0,Player22,Player16,0.53,0.18,0.39,0.28,-0.07986495444175912,-0.3455123321246654,0.648459713474939,0.13529703507468296,0.0,0.0,0.14337208778406554,0.0,0.25234580488548236
2,Home,4231.76,4233.6,Player3,Player12,0.76,0.49,0.73,0.29,0.0004606260330768386,0.13531553901738697,0.7596051605933177,0.011810152412225706,1.0,1.0,0.1099116761747559,1.0,0.4089791601403873
2,Home,4233.6,4234.76,Player12,Player2,0.73,0.29,0.84,0.31,-0.10161490419848673,-0.896059048918924,0.8612200647918045,0.05752652257872009,0.0,1.0,0.09638224040948579,0.0,0.15245841309995756
2,Home,4234.76,4236.52,Player2,Player7,0.84,0.31,0.72,0.13,0.05171404257825729,0.3574660752846109,0.8095060222135472,0.10764966326003995,0.0,0.0,0.12291652075443893,3.0,0.489569382931809
2,Home,4237.72,4238.72,Player7,Player12,0.69,0.12,0.67,0.24,0.06903887937908115,0.619840804143698,0.718679344353238,0.04617232179563863,0.0,1.0,0.12165525060596437,0.0,0.5210542093586154
2,Home,4239.48,4240.28,Player12,Player6,0.67,0.25,0.66,0.4,0.04758959642009952,0.41113424106983354,0.6675327707311455,0.025210840922111327,0.0,2.0,0.18791620472961865,0.0,0.5041901346767469
2,Home,4291.96,4292.64,Player2,Player6,0.7,0.42,0.64,0.58,0.0595759782884574,0.4551658170570242,0.644980619863884,0.04966888865275729,0.0,2.0,0.25129422780334915,2.0,0.5616409805420848
2,Home,4294.0,4294.8,Player6,Player8,0.61,0.68,0.53,0.91,-0.03407147806372435,0.04777957759431825,0.6700746227100383,0.052474652928818935,0.0,1.0,0.30439489154707877,3.0,0.4713506098493072
2,Home,4296.0,4297.2,Player8,Player3,0.55,0.89,0.74,0.64,-0.07888650210900616,-0.03306304251387011,0.7531268153505092,0.19083418194862262,0.0,0.0,0.2616719744684993,0.0,0.2446819349928274
2,Home,4299.4,4301.0,Player3,Player2,0.76,0.66,0.75,0.28,-0.004941407628861305,0.23168079817100826,0.7816009211867653,0.15465527213774516,0.0,0.0,0.23758222260929862,0.0,0.3392777933581503
2,Home,4303.4,4307.52,Player2,Player5,0.71,0.24,0.21,0.09,0.2954567455773962,0.8006056172364008,0.4606517122512409,0.0410597735015672,0.0,1.0,0.1267027488945209,8.0,0.9387061180174759
2,Away,4310.08,4311.08,Player16,Player15,0.11,0.19,0.08,0.33,0.006868942570548264,0.1237601815340338,0.9355746896961248,0.027889254203008015,0.0,1.0,0.14317821063276354,0.0,0.3721712571864333
2,Away,4311.48,4312.08,Player15,Player16,0.07,0.32,0.12,0.24,0.029653624474459628,0.35920000613336034,0.9176055797563569,0.0431151678646854,0.0,2.0,0.15723301886751473,0.0,0.4157309808042543
2,Home,4317.28,4318.48,Player2,Player7,0.56,0.17,0.44,0.05,0.02063524089761748,0.25020474665738063,0.6293647591023825,0.036834039963055905,0.0,1.0,0.141421356237331,3.0,0.5467924281712029
2,Home,4318.76,4321.08,Player7,Player2,0.45,0.06,0.65,0.11,-0.12865898722750657,-0.5240933863114733,0.7580237463298891,0.10497574958055789,0.0,0.0,0.08886003503487454,0.0,0.19303782834326144
2,Home,4323.08,4323.96,Player2,Player6,0.67,0.22,0.61,0.33,0.09290864562578083,0.7803238189575762,0.6332456079595026,0.044881588652809515,0.0,1.0,0.1423859555243195,2.0,0.6339273293036081
2,Home,4326.44,4328.52,Player6,Player5,0.64,0.24,0.51,0.12,0.054793496920507945,0.4254782887173111,0.6360031446463138,0.014181230553093806,1.0,1.0,0.08505675967762989,3.0,0.5630786234807278
2,Away,4329.28,4329.56,Player20,Player27,0.52,0.08,0.59,0.05,0.029039498555101906,0.4323205551707094,0.608769250208977,0.04906053913278979,0.0,1.0,0.27199189663736045,2.0,0.5527870314108315
2,Away,4330.12,4330.72,Player27,Player20,0.58,0.06,0.54,0.07,-0.02140620662742465,-0.4944006651084496,0.6296824596572466,0.020164684475587544,0.0,1.0,0.06871842709358589,0.0,0.334433325919375
2,Away,4333.04,4334.44,Player20,Player19,0.6,0.11,0.54,0.2,0.009477900228697655,0.18368596606128298,0.5491812087098392,0.046130845429061866,0.0,1.0,0.07726181304567697,0.0,0.46123705976114315
2,Away,4339.52,4340.44,Player19,Player27,0.73,0.33,0.82,0.12,-0.10141479816169646,-0.1563830766935274,0.4204759208325728,0.1567734942520578,0.0,0.0,0.2483404273653533,1.0,0.34172647899130604
2,Home,4348.4,4349.92,Player11,Player5,0.98,0.43,0.79,0.2,0.13745244180035399,0.5803322096771828,0.8450443775329199,0.1568198766100777,0.0,0.0,0.1962688669759475,2.0,0.500326241074737
2,Home,4352.72,4354.92,Player5,Player10,0.65,0.11,0.54,0.22,0.1497474933000671,0.9701342731480483,0.608276253029822,0.09470910251924047,0.0,0.0,0.0707106781186606,2.0,0.6635449537974324
2,Home,4360.4,4361.4,Player10,Player8,0.27,0.45,0.17,0.39,0.07210603704175372,0.7494498079254434,0.2024845673131659,0.037410310076234285,0.0,1.0,0.11661903789690602,2.0,0.7252913345522541
2,Away,4363.4,4364.48,Player19,Player20,0.19,0.45,0.23,0.36,0.028917950486012978,0.349061571346438,0.7826237921249264,0.07684462830933597,0.0,0.0,0.09119312779441455,0.0,0.4222261480512024
2,Away,4364.96,4366.68,Player20,Player21,0.22,0.35,0.24,0.26,-0.002702216114427447,0.028676334501576556,0.796994353806851,0.11585970869978914,0.0,0.0,0.05360200265867163,0.0,0.32551686816131303
2,Away,4367.76,4368.88,Player21,Player19,0.24,0.25,0.25,0.44,0.04766632531971726,0.3619683073845908,0.7523961722390672,0.12676871262263412,0.0,0.0,0.16987765705752056,0.0,0.40925367345670416
2,Away,4371.36,4372.96,Player19,Player18,0.32,0.48,0.43,0.74,0.06182821022514873,0.41654496554532017,0.6184658438426491,0.07014342449581432,0.0,0.0,0.17644492766862369,0.0,0.493766839795875
2,Away,4373.48,4374.68,Player18,Player17,0.44,0.78,0.39,0.84,-0.07225617677679042,-0.9161385999223207,0.6983552104767315,0.052167235886138336,0.0,1.0,0.06508541396584928,0.0,0.2045807576444854
2,Away,4375.08,4376.2,Player17,Player19,0.39,0.83,0.43,0.61,0.11302462442798833,0.6254770705745601,0.5805170109479998,0.1079076873999253,0.0,0.0,0.19964892656250066,0.0,0.5366884520903098
2,Away,4380.08,4381.4,Player19,Player21,0.53,0.59,0.5,0.34,-0.04643674537605158,0.06971292604399766,0.5249761899362675,0.1287431132138725,0.0,0.0,0.19075270169722644,0.0,0.37001797635310824
2,Away,4383.6,4385.4,Player21,Player27,0.56,0.28,0.72,0.02,-0.06376280452803845,0.08789322504859569,0.5556977595779922,0.18143762040988085,0.0,0.0,0.16960375024977684,4.0,0.4305444127375553
2,Away,4391.0,4391.88,Player27,Player19,0.81,0.25,0.72,0.47,0.032403812555577116,0.5077742928141906,0.2816025568065745,0.042317589723423525,0.0,1.0,0.27011055281825547,0.0,0.5943586130519248
2,Home,4392.6,4394.0,Player6,Player10,0.74,0.49,0.68,0.67,0.03913960812813311,0.3290154270434259,0.7009279563550024,0.008817085686325095,1.0,1.0,0.13552618543582293,3.0,0.5291694828557111
2,Home,4395.44,4396.16,Player10,Player8,0.68,0.63,0.65,0.76,-0.007756467700646419,0.037892183069417766,0.7000714249274855,0.0763529658886935,0.0,0.0,0.1853008897794669,0.0,0.3760810589422403
2,Home,4531.76,4532.56,Player3,Player12,0.69,0.65,0.61,0.75,0.04687414880240881,0.4445526355205942,0.6592419889539803,0.05162977822923511,0.0,1.0,0.16007810593578475,0.0,0.4933499240570428
2,Home,4532.8,4533.88,Player12,Player3,0.61,0.75,0.73,0.64,-0.08406144841194485,-0.4258379429636473,0.7433034373659252,0.14268006868515312,0.0,0.0,0.15072982033426668,0.0,0.21020369289572335
2,Away,4538.08,4539.76,Player20,Player21,0.48,0.32,0.51,0.41,0.05207591140465817,0.6091434948480647,0.498196748283246,0.03923870155853786,0.0,1.0,0.05646924393156841,2.0,0.6206588805906806
2,Away,4539.92,4541.64,Player21,Player15,0.51,0.41,0.36,0.57,-0.14561999582954888,-0.5408914037582666,0.6438167441127949,0.11115205846047117,0.0,0.0,0.12750995464801199,0.0,0.20598829248809525
2,Away,4542.72,4543.52,Player15,Player16,0.35,0.59,0.34,0.4,-0.011331582070228663,0.08490066437677989,0.6675327707311454,0.1420185917406591,0.0,0.0,0.23782871988045143,0.0,0.34771395127882176
2,Away,4545.24,4546.92,Player16,Player27,0.35,0.36,0.54,0.03,0.007258686496876443,0.30530472107120177,0.6576473218982952,0.15828041856148853,0.0,0.0,0.22665991386495798,2.0,0.43776933759029996
2,Away,4549.04,4550.04,Player27,Player21,0.57,0.03,0.51,0.28,0.09990237226548815,0.5598993107490736,0.5371219600798314,0.11436683435332112,0.0,0.0,0.2570992026436488,0.0,0.5270030029864274
2,Away,4558.28,4560.08,Player17,Player26,0.66,0.88,0.81,0.89,0.0760817120896013,0.6157372667664472,0.4338202392696772,0.10722123763508805,0.0,0.0,0.08351831321317439,4.0,0.6583936404244588
2,Away,4591.08,4592.76,Player27,Player21,0.74,0.47,0.6,0.52,-0.13877464132396777,-0.8969595175631111,0.4004996878900158,0.11941682712247882,0.0,0.0,0.08848850444830912,0.0,0.20287990946678883
2,Away,4594.32,4596.92,Player21,Player19,0.58,0.53,0.69,0.93,-0.10902426579939689,0.19578473017095058,0.5300943312279429,0.1222884622521684,0.0,0.0,0.1595574500976049,3.0,0.44410188491272057
2,Away,4610.32,4610.92,Player23,Player19,0.81,0.2,0.74,0.43,0.0858473777345688,0.6524220727826199,0.26925824035672524,0.0713309981705009,0.0,0.0,0.4006938426721339,0.0,0.6297737981397372
2,Away,4636.84,4637.12,Player15,Player17,0.32,0.72,0.35,0.73,0.02521016837069745,0.80524257377566,0.689492567037528,0.06554374493420406,0.0,0.0,0.11293848786325904,0.0,0.5242791738620085
2,Home,4640.64,4641.24,Player8,Player12,0.41,0.92,0.47,0.81,0.023913693222797683,0.29369963486238165,0.5630275304103699,0.09690210008044205,0.0,0.0,0.20883273476921774,0.0,0.4520382198389939
2,Home,4642.48,4643.36,Player12,Player10,0.46,0.82,0.37,0.67,0.1531715676148293,0.9120266964191979,0.40718546143004664,0.057264391204307735,0.0,1.0,0.19878245096061053,2.0,0.7304462147204527
2,Home,4644.12,4644.72,Player10,Player5,0.36,0.66,0.42,0.56,-0.03030975664008434,-0.12188864845984393,0.4242640687119285,0.07754621073914562,0.0,0.0,0.19436506316139213,0.0,0.40408800278761275
2,Home,4646.24,4647.76,Player5,Player7,0.42,0.5,0.47,0.21,-0.13226805085936305,-0.16990554183494563,0.552268050859363,0.09118968801350291,0.0,0.0,0.19360446012576232,0.0,0.3085475447146917
2,Home,4648.24,4649.44,Player7,Player13,0.45,0.19,0.33,0.05,-0.011589213439578194,0.10520035245479326,0.5580322571321482,0.09339884902931087,0.0,0.0,0.15365907428823808,4.0,0.5150109027748515
2,Home,4649.84,4650.96,Player13,Player7,0.33,0.04,0.41,0.11,0.00026502015692220215,0.09637569842962355,0.5658621740318043,0.03999083019893434,0.0,1.0,0.09491201618514003,0.0,0.44313509660482153
2,Home,4651.56,4652.04,Player7,Player10,0.41,0.1,0.34,0.19,0.11269145685169385,0.9906559209230115,0.46010868281309364,0.04833941766302114,0.0,1.0,0.2375365468958697,3.0,0.7450541192787663
2,Away,4658.6,4659.28,Player18,Player26,0.38,0.6,0.5,0.42,0.12165318267741676,0.6801072350287526,0.5063595560468865,0.08496251997204413,0.0,0.0,0.3181368772471119,3.0,0.6656617301221964
2,Home,4664.12,4665.52,Player3,Player12,0.75,0.48,0.74,0.54,0.009186326730151517,0.19063087884852703,0.7410802925459562,0.024521527277068175,0.0,1.0,0.04344830378782753,2.0,0.4843436834777732
2,Home,4665.92,4667.44,Player12,Player9,0.74,0.54,0.6,0.65,0.12261444870330707,0.7518193259453612,0.6184658438426491,0.12062517564754054,0.0,0.0,0.1171348277287526,1.0,0.569770011695672
2,Home,4673.28,4673.96,Player9,Player8,0.51,0.77,0.5,0.93,-0.08240796190176158,-0.4118429183836919,0.659469483751902,0.11582795603825531,0.0,0.0,0.2357532285569785,0.0,0.2524032269020742
2,Home,4675.0,4676.0,Player8,Player12,0.5,0.93,0.56,0.8,0.024174276781158244,0.2742985616118643,0.6352952069707437,0.0856671815808131,0.0,0.0,0.14317821063276356,0.0,0.4379639788383948
2,Home,4676.6,4677.2,Player12,Player8,0.56,0.82,0.48,0.96,-0.019850185679902377,4.003169529470231e-16,0.6648308055437864,0.07490948204333012,0.0,0.0,0.2687419249435295,1.0,0.40216189699279165
2,Home,4677.8,4678.32,Player8,Player12,0.48,0.96,0.55,0.89,-0.009409507697716646,-0.021271458289281876,0.674240313241503,0.0574137100351476,0.0,1.0,0.19037490262732057,0.0,0.38433059119842194
2,Home,4679.8,4680.28,Player12,Player4,0.57,0.89,0.67,0.88,-0.07960783047278819,-0.7650122469230805,0.7702596964660685,0.08216054101574552,0.0,0.0,0.2093724087735425,0.0,0.1918198374014861
2,Home,4681.2,4683.0,Player4,Player3,0.68,0.88,0.79,0.71,-0.03846132894141441,-0.06466699852817875,0.8174350127074324,0.11825422825421501,0.0,0.0,0.1124914262850808,0.0,0.28815175550929173
2,Home,4683.28,4685.8,Player3,Player2,0.79,0.7,0.83,0.34,-0.0303577090849928,0.1368662083996503,0.8452810183601663,0.24863551013481552,0.0,0.0,0.14373627203390232,0.0,0.23325920085680585
2,Home,4689.6,4690.6,Player2,Player13,0.79,0.2,0.56,0.25,0.23177445327444135,0.9889350683044733,0.6132699242584786,0.024353457660053115,0.0,1.0,0.23537204591879637,5.0,0.8349248788451938
2,Home,4690.96,4691.56,Player13,Player5,0.57,0.26,0.63,0.36,-0.026902268167853127,-0.14141939548018187,0.6453681120105021,0.06476343721576241,0.0,0.0,0.19436506316139218,0.0,0.3586232286143095
2,Home,4694.16,4694.96,Player5,Player7,0.57,0.3,0.61,0.05,-0.15395421390833086,-0.4760061821858266,0.7580237463298891,0.09128010736190006,0.0,0.0,0.31647472252923214,0.0,0.20235987354288737
2,Home,4695.4,4696.6,Player7,Player2,0.61,0.05,0.73,0.18,-0.0390333407096779,-0.1096122561093724,0.797057087039567,0.16177514920407268,0.0,0.0,0.14743171677452838,0.0,0.25759276529468395
2,Home,4699.2,4700.32,Player2,Player3,0.71,0.22,0.79,0.47,-0.0273525389184075,0.06588919287227754,0.7905694150420949,0.13006658294888823,0.0,0.0,0.23436437050728512,0.0,0.31566954273800896
2,Home,4701.8,4702.8,Player3,Player4,0.79,0.48,0.74,0.83,-0.019993751952971928,0.1664294471884523,0.8102468759581859,0.18663864819484738,0.0,0.0,0.35355339059327373,0.0,0.2961361521471147
2,Home,4705.32,4707.12,Player4,Player8,0.71,0.83,0.62,0.97,0.004932882534138261,0.1358312857795728,0.7780102827083971,0.05645249330189052,0.0,1.0,0.09246287209495307,2.0,0.4447604241501415
2,Home,4707.44,4708.96,Player8,Player4,0.63,0.97,0.71,0.89,-0.024059181518002015,-0.14393822708550144,0.8100617260431454,0.0691421499521095,0.0,0.0,0.07443229275645727,0.0,0.3153241015109627
2,Home,4710.16,4711.36,Player4,Player3,0.72,0.89,0.85,0.74,-0.06439205483269073,-0.21595185675492712,0.8832326986700616,0.13990895932712816,0.0,0.0,0.16541194367735182,0.0,0.222598993219625
2,Home,4713.04,4714.56,Player3,Player2,0.86,0.72,0.82,0.27,0.036048174705017755,0.33263667860142027,0.8516454661418681,0.20305479556021325,0.0,0.0,0.29721992100192823,1.0,0.3550734084875894
2,Home,4719.36,4721.04,Player2,Player12,0.66,0.18,0.54,0.6,0.18430362412585077,0.666683289823842,0.5491812087098392,0.017527863532102193,1.0,1.0,0.2600039246171163,2.0,0.6586649877336292
2,Home,4721.32,4722.12,Player12,Player9,0.53,0.6,0.42,0.65,0.0933693999869169,0.8178473607988704,0.4459820624195551,0.0752473953037579,0.0,0.0,0.15103807466989788,2.0,0.6647944826994237
2,Home,4723.36,4724.36,Player9,Player12,0.42,0.63,0.45,0.74,-0.07034104126038787,-0.5366066041703537,0.51,0.1451949207100579,0.0,0.0,0.11401754250991379,0.0,0.25157484519627393
2,Home,4724.96,4725.96,Player12,Player8,0.44,0.75,0.25,0.95,-0.008718269894150144,0.24067947133671402,0.51478150704935,0.16674717538837047,0.0,0.0,0.27586228448267436,4.0,0.5029545345156315
2,Home,4732.88,4733.68,Player12,Player5,0.29,0.68,0.31,0.54,0.028750971155764582,0.4018970073677758,0.3125699921617557,0.08876911399805679,0.0,0.0,0.17677669529659673,0.0,0.5358050473648291
2,Home,4734.88,4735.88,Player5,Player4,0.31,0.54,0.39,0.78,-0.1675341632045565,-0.4350264683238352,0.4801041553663122,0.1154945548500015,0.0,0.0,0.25298221281347033,0.0,0.25112631495659693
2,Home,4737.44,4738.16,Player4,Player8,0.38,0.8,0.28,0.95,-0.04585126252359184,-0.0801996697759279,0.53,0.09826209035024643,0.0,0.0,0.25038550524046616,4.0,0.4740468850898754
2,Home,4745.36,4745.64,Player12,Player4,0.48,0.89,0.51,0.93,-0.04861735936366762,-0.9701111286108074,0.6670832032063168,0.06854161144881266,0.0,0.0,0.1785714285710111,0.0,0.20603403261785394
2,Home,4747.04,4748.24,Player4,Player12,0.51,0.94,0.49,0.85,0.07140979606897258,0.8019152950012756,0.6021627686929839,0.042817515107722005,0.0,2.0,0.07682953714411901,1.0,0.6075651722581514
2,Home,4748.84,4749.96,Player12,Player5,0.49,0.83,0.5,0.57,0.08588599705510358,0.5263063966700561,0.5048762224545735,0.09722631176795717,0.0,0.0,0.2323144969867671,0.0,0.5332500192804608
2,Home,4751.96,4754.44,Player5,Player10,0.48,0.49,0.17,0.26,0.18599533196925727,0.790508751373488,0.29410882339705485,0.08913671353600601,0.0,0.0,0.1556472505292111,9.0,0.9204560110775183
2,Away,4789.32,4790.72,Player25,Player15,0.04,0.5,0.1,0.83,0.0014072814797725375,0.17888488264615304,0.9585927185202274,0.25049036408612607,0.0,0.0,0.23957871187488405,0.0,0.2291009528864579
2,Away,4792.4,4793.68,Player15,Player21,0.12,0.82,0.27,0.73,0.17100026813147196,0.9816855744407862,0.765375724726098,0.04085283955859125,0.0,1.0,0.1366629350353668,2.0,0.6750016567124618
2,Away,4794.4,4795.4,Player21,Player17,0.28,0.76,0.37,1.0,-0.03879457034373024,0.01223143848739131,0.8043009387039157,0.11747262830123449,0.0,0.0,0.2563201123595259,2.0,0.36100474364880925
2,Away,4796.08,4797.4,Player17,Player21,0.37,0.98,0.37,0.79,0.09848109157065699,0.6060391880047633,0.6935416353759881,0.035510709652159814,0.0,1.0,0.14393939393942565,0.0,0.5462119934749566
2,Away,4800.08,4801.08,Player21,Player16,0.42,0.64,0.32,0.49,-0.08341616982972011,-0.3439782693140306,0.6800735254367721,0.11603653390204309,0.0,0.0,0.18027756377319948,0.0,0.25679502408342325
2,Away,4802.92,4804.32,Player16,Player27,0.36,0.39,0.56,0.06,0.02713035635800698,0.36594722071829955,0.6222539674441618,0.06771303050373684,0.0,0.0,0.2756254483082822,3.0,0.5527919279812563
2,Home,4875.96,4877.96,Player2,Player11,0.77,0.5,0.94,0.46,-0.17085067890712602,-0.9734099297244285,0.940850678907126,0.08638200333402779,0.0,0.0,0.08732124598286486,0.0,0.06903967540132691
2,Home,4889.6,4890.88,Player7,Player2,0.51,0.21,0.58,0.3,-0.026828860252213538,-0.14351180657198603,0.6135144660071187,0.07791916323986031,0.0,0.0,0.08907620508588784,0.0,0.35510799655866004
2,Home,4891.28,4892.08,Player2,Player12,0.58,0.29,0.54,0.47,0.07601412921204698,0.5363017667556969,0.5408326913195984,0.04990452083729489,0.0,1.0,0.23048861143226979,0.0,0.5526476908410822
2,Home,4892.32,4893.28,Player12,Player5,0.54,0.47,0.47,0.42,0.06407279367718977,0.7802225448088776,0.47675989764240867,0.03632323911767781,0.0,2.0,0.089607554865024,2.0,0.661748212280454
2,Home,4893.48,4895.0,Player5,Player3,0.47,0.42,0.62,0.61,-0.152922562014838,-0.47915148938186836,0.6296824596572467,0.15067409365912904,0.0,0.0,0.1592594531171938,0.0,0.1905989167638325
2,Home,4895.36,4896.64,Player3,Player4,0.62,0.64,0.52,0.91,-0.026583381962903996,0.1322345814880135,0.6621933252457322,0.15370260407683406,0.0,0.0,0.22494031326375943,1.0,0.3684871346446566
2,Home,4898.96,4899.76,Player4,Player12,0.51,0.94,0.54,0.8,0.05583475630273638,0.4800817177276716,0.6177378084592201,0.12113181250191876,0.0,0.0,0.17897276329091358,0.0,0.46801587767392727
2,Home,4901.56,4903.24,Player12,Player2,0.54,0.76,0.61,0.3,-0.042617191277293465,0.2933287503053556,0.6419501538281613,0.16542855406488927,0.0,0.0,0.2769616696222887,0.0,0.35810553813074575
2,Home,4906.24,4907.24,Player2,Player14,0.56,0.23,0.39,0.02,0.0032253978521330495,0.22920387981173698,0.6184658438426491,0.08020182603906222,0.0,0.0,0.27018512172212594,5.0,0.5658797124295172
2,Home,4909.08,4910.16,Player14,Player9,0.42,0.06,0.36,0.15,0.10618064460449428,0.9848602570016491,0.5020956084253276,0.05229525791121027,0.0,1.0,0.10015420209622866,4.0,0.7527366079349777
2,Home,4912.96,4913.76,Player9,Player13,0.31,0.19,0.26,0.41,0.16326987449170732,0.8462242845009856,0.27513632984395214,0.05520087408728233,0.0,1.0,0.2820128543168978,0.0,0.704822306865726
2,Home,4914.4,4914.68,Player13,Player14,0.26,0.44,0.27,0.39,-0.024714313459738346,-0.41155647400145784,0.29154759474226505,0.07429553216714986,0.0,0.0,0.18210783977074496,0.0,0.39307405282732827
2,Away,4922.8,4924.88,Player25,Player17,0.04,0.59,0.33,0.89,0.18896762306671955,0.6248753497434753,0.7752418977325722,0.07758974481205622,0.0,0.0,0.20060236581755575,3.0,0.6276065223969807
2,Home,4931.36,4932.88,Player4,Player13,0.37,1.0,0.29,0.82,0.19015640396957584,0.9761406694732532,0.4318564576337836,0.0890013539222859,0.0,0.0,0.12959023423412208,2.0,0.7304069011664979
2,Home,4933.96,4934.64,Player13,Player8,0.31,0.88,0.3,0.99,-0.08413530347935977,-0.7144395557600872,0.5745432968889289,0.04391149507816835,0.0,1.0,0.162431779664449,1.0,0.2952951920609632
2,Home,4936.36,4936.36,Player8,Player4,0.3,1.0,0.38,1.0,-0.04491754923977331,-0.5144847262521978,0.6280127387243033,0.04113721551101869,0.0,1.0,8.000000000000002,0.0,0.466527094950356
2,Home,4936.56,4937.08,Player4,Player12,0.38,1.0,0.43,0.92,0.026930381638354595,0.3544447173906207,0.6010823570859487,0.017342295119158847,1.0,1.0,0.1814227140781765,0.0,0.4653927186301876
2,Home,4937.4,4937.68,Player12,Player4,0.43,0.93,0.41,1.0,-0.03849469459265742,-0.4856319617028477,0.6466065264130884,0.036653339547713826,0.0,1.0,0.26000392461655314,0.0,0.3167677492915377
2,Home,4937.84,4939.92,Player4,Player3,0.42,1.0,0.65,0.9,-0.11022376743110707,-0.28454394218670426,0.7632168761236874,0.11373089114220461,0.0,0.0,0.12057630965370088,0.0,0.2343124218060632
2,Home,4942.24,4943.92,Player3,Player11,0.71,0.85,0.88,0.6,-0.09408289593284913,-0.1387292300121882,0.8856635930193811,0.18156989893702088,0.0,0.0,0.17995495783128995,0.0,0.19339761008901324
2,Home,4947.72,4949.32,Player11,Player9,0.86,0.56,0.56,0.39,0.2913891595548812,0.9022222532729818,0.570701322935211,0.03264847929077251,0.0,1.0,0.2155117456196568,5.0,0.8534716037228568
2,Home,4952.2,4953.28,Player9,Player14,0.63,0.33,0.54,0.27,0.06559230040985042,0.6587961317889615,0.5869412236331676,0.02365310973212614,0.0,1.0,0.10015420209622865,4.0,0.6792730957931494
2,Away,4960.2,4961.8,Player16,Player25,0.15,0.25,0.01,0.32,-0.12022833254143783,-0.7318886969443816,1.0062305898749053,0.09910880485607725,0.0,0.0,0.09782797401559355,0.0,0.10868446804769541
2,Away,4968.76,4970.36,Player15,Player17,0.32,0.53,0.27,0.78,-0.10119532136600973,-0.23914305098395772,0.7818567643756751,0.1362700803551535,0.0,0.0,0.1593443597998289,0.0,0.22756722304451532
2,Away,4972.96,4974.24,Player17,Player16,0.23,0.75,0.26,0.52,0.06929756498749395,0.4292283240976336,0.7402702209328699,0.14125595775046088,0.0,0.0,0.18120958601164858,0.0,0.4240511272790355
2,Away,4975.84,4978.04,Player16,Player27,0.27,0.51,0.5,0.07,0.07059900618585735,0.47534837432549504,0.6594694837519018,0.18937081612539985,0.0,0.0,0.225676210678317,3.0,0.5016604989001581
2,Away,4980.16,4980.56,Player27,Player28,0.55,0.07,0.59,0.22,0.12592698929156093,0.8538097786283934,0.4964876634922564,0.0844088271450327,0.0,0.0,0.38810436740597104,0.0,0.618917034008445
2,Away,4981.44,4984.56,Player28,Player27,0.6,0.21,0.81,0.04,-0.003629912443747052,0.2599446608385592,0.4976946855251721,0.1137247105953671,0.0,0.0,0.08659779542373612,2.0,0.48945034839856183
2,Away,4988.84,4990.04,Player27,Player23,0.94,0.3,0.85,0.42,0.038806130178210996,0.5938333371978003,0.17000000000000004,0.02608201104209569,0.0,1.0,0.12500000000001893,0.0,0.6454693223193979
2,Home,5022.32,5027.08,Player11,Player9,0.98,0.47,0.36,0.11,0.4497048957588713,0.8490185242594458,0.530754180388624,0.007730692077686202,1.0,2.0,0.15061721284818572,7.0,0.9581701532763187
2,Home,5033.2,5034.2,Player9,Player2,0.48,0.08,0.62,0.16,-0.06929803242246868,-0.32670660031762017,0.7071067811865476,0.07473709253108526,0.0,0.0,0.161245154965971,0.0,0.2866053151252466
2,Home,5035.92,5036.72,Player2,Player12,0.65,0.2,0.57,0.36,0.12894982953065026,0.7808627119296684,0.5869412236331675,0.018471082805293294,1.0,1.0,0.22360679774992812,2.0,0.6405461555664458
2,Home,5071.12,5073.04,Player2,Player3,0.58,0.36,0.69,0.49,-0.09341510435639278,-0.4487831788827975,0.6900724599634447,0.09979263499878127,0.0,0.0,0.0886947206558633,0.0,0.24148436654288313
2,Home,5073.56,5074.68,Player3,Player4,0.69,0.51,0.66,0.79,-0.03082975254529774,0.0921126988172047,0.7209022125087424,0.1291444915588737,0.0,0.0,0.25143085429160883,0.0,0.3356926221790089
2,Home,5076.6,5077.68,Player4,Player8,0.61,0.86,0.51,0.96,0.021503649330880337,0.24957358918455297,0.6868041933477109,0.051404553300267074,0.0,1.0,0.1309457002197398,2.0,0.4967411156268475
2,Home,5080.28,5081.48,Player8,Player12,0.54,0.79,0.6,0.78,-0.04917409746099577,-0.7912047907647628,0.6621178142898739,0.05477136204258573,0.0,1.0,0.0506896877524928,0.0,0.24239052617296628
2,Away,5087.56,5088.44,Player27,Player28,0.62,0.24,0.69,0.07,-0.06965975389908935,-0.20791281416252086,0.5300943312279429,0.13456478922808893,0.0,0.0,0.2089179126234881,0.0,0.30930517907676475
2,Away,5095.4,5095.68,Player28,Player27,0.86,0.11,0.84,0.02,-0.09159743852492741,-0.9920492463852857,0.5059644256269407,0.05684111364144794,0.0,1.0,0.32926944490254734,0.0,0.23084153678393332
2,Away,5095.92,5096.92,Player27,Player21,0.83,0.02,0.71,0.19,0.08471537672313811,0.5775666617382375,0.4244997055358225,0.15469916935782171,0.0,0.0,0.20808652046684814,0.0,0.521854424355069
2,Away,5100.32,5101.0,Player21,Player17,0.73,0.22,0.82,0.28,0.1047195987044966,0.9768302607039048,0.28425340807103794,0.04051501696902023,0.0,2.0,0.1590684386233432,3.0,0.7841621682858411
2,Home,5102.4,5103.48,Player2,Player5,0.85,0.34,0.78,0.37,0.07416861370797978,0.9761365075470343,0.7907591289387687,0.0809110684640859,0.0,0.0,0.07051641764689273,2.0,0.5944262944580625
2,Away,5112.48,5113.32,Player26,Player17,0.71,0.36,0.74,0.49,0.06183260713693861,0.6260986859783545,0.2601922366251538,0.041054999695530364,0.0,3.0,0.15882933409671457,0.0,0.6311916021350336
2,Home,5115.64,5116.44,Player3,Player12,0.85,0.55,0.81,0.6,0.03531982218669172,0.5777522647074963,0.8161494961096283,0.031369427792039835,0.0,2.0,0.08003905296798328,2.0,0.5380221521270152
2,Home,5116.76,5118.16,Player12,Player4,0.82,0.61,0.89,0.75,-0.0971006282386433,-0.5621578211751264,0.9244457799135654,0.04474811727883091,0.0,1.0,0.11180339887501856,0.0,0.2024606390873336
2,Home,5118.36,5120.36,Player4,Player8,0.89,0.77,0.66,0.94,0.13683248128483605,0.5969860182848755,0.7932212806020776,0.10668358167965666,0.0,0.0,0.1430034964607509,6.0,0.6548340285857213
2,Home,5122.32,5123.52,Player8,Player13,0.54,0.91,0.39,0.97,0.06727453992325838,0.5148937658859267,0.6107372593840988,0.1733833974173998,0.0,0.0,0.13462912017828096,1.0,0.4726303858259482
2,Home,5128.88,5131.28,Player13,Player14,0.16,0.7,0.2,0.42,0.04071837721193369,0.6846660105749985,0.2154065922853802,0.02955219957972673,0.0,2.0,0.11785113019777578,0.0,0.6479435674439094
2,Away,5169.4,5170.88,Player16,Player21,0.28,0.57,0.39,0.82,0.0345551706844921,0.312275695918209,0.6888396039717809,0.135964187196482,0.0,0.0,0.1845473011316662,0.0,0.404261312608964
2,Away,5175.08,5176.2,Player21,Player17,0.48,0.87,0.52,1.0,-0.05490834262218425,-0.31449560068258764,0.6931089380465383,0.07152335702412183,0.0,0.0,0.12144170097086401,1.0,0.3270619335812991
2,Away,5176.48,5177.68,Player17,Player15,0.52,1.0,0.36,0.84,-0.03159789923319922,0.020403784563432163,0.7247068372797375,0.12058244067856651,0.0,0.0,0.1885618083162984,0.0,0.32714837331628843
2,Away,5183.72,5184.32,Player15,Player21,0.4,0.85,0.5,0.82,0.10098931628625707,0.9721230049141105,0.5936328831862332,0.0346187593654076,0.0,1.0,0.17400510848200074,3.0,0.7126102603439017
2,Away,5184.72,5185.2,Player21,Player17,0.51,0.83,0.52,1.0,-0.10234671853686117,-0.5089251715005684,0.6931089380465383,0.10989941037148471,0.0,0.0,0.3547788826237894,0.0,0.22550664879470667
2,Away,5187.12,5188.2,Player17,Player18,0.57,0.98,0.73,0.79,0.24820548430554196,0.9995251401897878,0.396232255123179,0.0388424947705474,0.0,1.0,0.22999522867361216,5.0,0.8861929298726561
2,Away,5188.88,5189.2,Player18,Player28,0.74,0.78,0.75,0.84,-0.03991949342932777,-0.6109312904875268,0.4220189569201838,0.039402417438527806,0.0,2.0,0.19008632907199208,0.0,0.3456914950376888
2,Home,5191.52,5192.24,Player5,Player2,0.84,0.63,0.88,0.62,-0.03814413244698067,-0.9216090783105537,0.8881441324469806,0.030640373692238168,0.0,1.0,0.057265355911408536,0.0,0.18898813535525205
2,Away,5194.76,5196.44,Player17,Player16,0.59,0.87,0.53,0.67,0.05246809087537102,0.42838082070733413,0.499799959983992,0.01590939973726218,1.0,1.0,0.12428936320136177,0.0,0.5132748615496345
2,Away,5196.64,5197.92,Player16,Player21,0.53,0.68,0.61,0.73,0.05051992437959396,0.6023435832213058,0.45276925690687087,0.0418904690830743,0.0,1.0,0.07370297759420683,2.0,0.6281707458523462
2,Away,5198.92,5201.72,Player21,Player27,0.63,0.71,0.79,0.16,0.025816123669891278,0.7168837237770994,0.39962482405376165,0.20484159367667495,0.0,0.0,0.2045714784516965,4.0,0.5974103614974546
2,Away,5207.08,5208.08,Player27,Player23,0.88,0.32,0.84,0.43,0.0416905845621095,0.5923670563050291,0.17464249196572984,0.03727718873520376,0.0,2.0,0.11704699910719625,0.0,0.638007968262249
2,Away,5208.32,5209.32,Player23,Player21,0.84,0.42,0.75,0.44,-0.07821376444366562,-0.7760669441459231,0.2570992026436488,0.06938029763556794,0.0,0.0,0.09219544457292884,0.0,0.318087218124176
2,Away,5210.6,5211.4,Player21,Player17,0.75,0.47,0.76,0.78,-0.11698821205143206,0.1510929780998153,0.3687817782917155,0.17927434757934554,0.0,0.0,0.3877015604821233,0.0,0.35742877760297237
2,Home,5216.12,5217.72,Player11,Player14,0.91,0.4,0.77,0.26,0.10894221515569724,0.6256330813716111,0.8065358020571685,0.13516565984006443,0.0,0.0,0.12374368670761769,3.0,0.5429554257687152
2,Home,5220.4,5221.2,Player14,Player12,0.68,0.28,0.65,0.5,0.06470273540822546,0.4335476111074009,0.65,0.09640315866194425,0.0,0.0,0.27754504138961833,1.0,0.5022721095532409
2,Home,5222.6,5223.8,Player12,Player8,0.59,0.5,0.5,0.66,0.06502381006373248,0.490256713194443,0.5249761899362675,0.09856549751307501,0.0,0.0,0.1529796645890717,0.0,0.5102469184966414
2,Home,5225.72,5227.0,Player8,Player9,0.41,0.69,0.26,0.84,0.0238662499271462,0.3442510579454784,0.4280186911806539,0.12356642788395233,0.0,0.0,0.16572815184063006,1.0,0.50081211517004
2,Home,5230.52,5232.32,Player9,Player12,0.14,0.81,0.29,0.55,0.045868247642655846,0.5837312330119073,0.2942787793912432,0.09448454370954017,0.0,0.0,0.1667592335534411,0.0,0.5738032655140558
2,Home,5233.56,5237.16,Player12,Player8,0.28,0.54,0.16,0.89,-0.1387020656925408,0.18728595243363974,0.42154477816715985,0.19047033496059168,0.0,0.0,0.10277777777779336,2.0,0.38142755483768853
2,Home,5242.68,5245.68,Player8,Player4,0.1,0.95,0.39,0.97,-0.14976003651945452,-0.2835779991881039,0.6107372593840988,0.14950219329494804,0.0,0.0,0.09689627902499089,0.0,0.22779689277596277
2,Home,5247.64,5249.16,Player4,Player3,0.4,0.96,0.54,0.81,-0.013065576877197116,0.10393479876807893,0.6226556030423239,0.10646593633646405,0.0,0.0,0.13498871400453666,0.0,0.38181909472316544
2,Home,5250.24,5252.76,Player3,Player7,0.54,0.78,0.45,0.15,0.038188540480253,0.5812366922214738,0.570087712549569,0.22059501807611162,0.0,0.0,0.2525381361380089,2.0,0.47760326007821147
2,Home,5255.96,5256.96,Player7,Player14,0.39,0.13,0.31,0.06,-0.0006506634032910075,0.09274278362081982,0.5382378656319156,0.06005212152788608,0.0,0.0,0.10630145812734651,2.0,0.48975344693399864
2,Home,5257.16,5257.96,Player14,Player7,0.31,0.06,0.37,0.14,0.022001485666303333,0.30840809708573985,0.5162363799656122,0.0876127758948431,0.0,0.0,0.12499999999997159,0.0,0.46897885418271673
2,Home,5258.64,5259.16,Player7,Player5,0.37,0.15,0.37,0.35,0.11006396757633113,0.6871931076046093,0.39924929555354255,0.10547541561899626,0.0,0.0,0.3846153846157344,0.0,0.5934825994673086
2,Home,5267.24,5268.16,Player5,Player7,0.44,0.36,0.48,0.19,-0.1096659298618583,-0.5133947646339013,0.5714017850864661,0.1327839658995016,0.0,0.0,0.18982879561490867,0.0,0.2317620459258102
2,Home,5272.0,5272.88,Player7,Player5,0.43,0.1,0.43,0.28,0.10427048737170808,0.6810974994468416,0.4830113870293329,0.06580218005507109,0.0,0.0,0.2045454545454292,0.0,0.5922986049603675
2,Home,5274.0,5274.92,Player5,Player7,0.43,0.24,0.48,0.07,-0.14194395837267648,-0.7378447252561494,0.644437739428721,0.07513102288668774,0.0,0.0,0.19260918637682553,0.0,0.20058892759150881
2,Home,5276.2,5277.0,Player7,Player2,0.51,0.06,0.69,0.19,-0.08286646120114116,-0.23134778494054495,0.7564390259630976,0.1091444199214966,0.0,0.0,0.27754504138961833,0.0,0.26372816725164283
2,Home,5277.8,5279.8,Player2,Player3,0.71,0.19,0.74,0.62,0.025059165370210135,0.3353867273664951,0.7496665925596524,0.16668341519179403,0.0,0.0,0.21552262062252306,0.0,0.3695898436455654
2,Home,5281.92,5282.8,Player3,Player4,0.78,0.78,0.68,0.94,0.018795704951362957,0.2123220819386281,0.8099382692526635,0.11348708913352211,0.0,0.0,0.21440866209216883,2.0,0.4212787882547985
2,Home,5287.52,5289.4,Player4,Player7,0.57,0.76,0.59,0.14,-0.06466024351801558,0.38545468942128136,0.6911584478250989,0.17608615220964988,0.0,0.0,0.3299587748782431,0.0,0.3449913808369974
2,Home,5291.72,5292.8,Player7,Player2,0.58,0.12,0.67,0.28,-0.01179757555617078,0.06756127851881165,0.7051950084905594,0.17027042315093954,0.0,0.0,0.16997740509895432,0.0,0.31588746879647916
2,Home,5294.6,5295.72,Player2,Player12,0.64,0.27,0.53,0.6,0.1407220630303001,0.6184348238775552,0.539351462406472,0.09220173100327347,0.0,0.0,0.3105808416237103,2.0,0.6250246457872536
2,Home,5296.92,5297.72,Player12,Player5,0.53,0.58,0.51,0.45,0.02355861231753764,0.2978669167659613,0.5124451190127582,0.05691188364480656,0.0,2.0,0.1644118304745364,1.0,0.5168398667742736
2,Home,5298.0,5299.0,Player5,Player12,0.51,0.45,0.46,0.55,0.04973570696238727,0.5323409702450416,0.46270941205037097,0.03630860228651054,0.0,1.0,0.11180339887498951,1.0,0.5915119990178617
2,Home,5304.28,5305.08,Player12,Player14,0.25,0.31,0.19,0.13,-0.10192631749955677,-0.3222583888349158,0.4159326868617084,0.06697732825367102,0.0,0.0,0.2371708245125745,0.0,0.3472886904419439
2,Away,5309.28,5311.0,Player17,Player28,0.07,0.58,0.15,0.5,0.08343451832466531,0.765100360424369,0.85,0.06689567474807323,0.0,0.0,0.06577737499408769,2.0,0.5597070751593612
2,Away,5329.68,5330.56,Player16,Player21,0.31,0.61,0.35,0.43,0.044954737635290676,0.3679057917220963,0.6537583651472462,0.1287604927763171,0.0,0.0,0.20953510130208508,0.0,0.4317510329787276
2,Away,5332.68,5334.36,Player21,Player27,0.39,0.37,0.56,0.05,-0.0056661139218755485,0.2747783521987971,0.6293647591023825,0.15233922278914253,0.0,0.0,0.21568655871428702,1.0,0.4100189695304971
2,Away,5336.12,5337.12,Player27,Player21,0.57,0.04,0.49,0.21,0.042996853902341536,0.37022137638698577,0.5866856057549051,0.1410226595267583,0.0,0.0,0.18788294228055932,0.0,0.43858596957179824
2,Away,5339.8,5341.0,Player21,Player28,0.53,0.27,0.55,0.5,0.07325901807804525,0.5157083048219995,0.44999999999999996,0.1123279849369692,0.0,0.0,0.19238993967694906,0.0,0.5277999077350441
2,Away,5345.0,5347.12,Player28,Player27,0.62,0.59,0.84,0.09,-0.049601137897975045,0.6028435261983435,0.44011362169330775,0.07224231723858254,0.0,0.0,0.25766981667449745,7.0,0.7024835848961115
2,Away,5351.28,5353.0,Player27,Player21,0.83,0.02,0.69,0.22,0.0914831107748521,0.5807768753443958,0.4177319714841085,0.10263837342826515,0.0,0.0,0.14193669320618485,0.0,0.5599863318771027
2,Away,5355.68,5358.16,Player21,Player17,0.71,0.24,0.83,0.8,0.04466804889167558,0.8087324587426455,0.3448187929913334,0.07180040389858541,0.0,0.0,0.23093259779482056,4.0,0.7219674673265101
2,Away,5360.48,5360.8,Player17,Player28,0.78,0.85,0.71,0.62,0.09955343564238339,0.6550005555439792,0.3138470965295043,0.08716732472664276,0.0,0.0,0.7513009550092546,0.0,0.6228555569072406
2,Home,5393.12,5395.44,Player11,Player8,0.96,0.52,0.42,0.79,0.4498163045256305,0.8849166959123732,0.5103920062069938,0.05527352440364199,0.0,2.0,0.26023204910561165,5.0,0.9263987827577462
2,Away,5403.68,5404.2,Player21,Player15,0.37,0.74,0.36,0.79,-0.02847173519631996,-0.532334776067748,0.7026378868236469,0.07567832582714817,0.0,0.0,0.09805806756918128,0.0,0.2718701944508414
2,Away,5408.68,5409.48,Player15,Player28,0.39,0.95,0.48,0.86,0.12556821429621323,0.9887888381174049,0.6324555320336759,0.06820003665688162,0.0,0.0,0.15909902576711785,3.0,0.695514183299174
2,Away,5410.64,5413.16,Player28,Player23,0.49,0.88,0.76,0.95,0.1260031446463139,0.6262713569704911,0.5099999999999999,0.05134352734279167,0.0,1.0,0.11068512445225373,5.0,0.7300265987752191
2,Away,5416.96,5417.76,Player23,Player17,0.87,0.96,0.79,0.87,0.052575788385031796,0.5385512591410346,0.42544094772365293,0.08983251304511072,0.0,0.0,0.1505199322348694,0.0,0.5413692745950097
2,Away,5419.76,5420.96,Player17,Player28,0.81,0.79,0.75,0.66,0.0498822748740777,0.5298071747287886,0.2968164415931166,0.06467265573640843,0.0,0.0,0.11931517552732106,0.0,0.5849565781007554
2,Home,5423.4,5423.8,Player7,Player14,0.87,0.3,0.8,0.38,0.08374261961260487,0.8103649116856427,0.8089499366462675,0.15060079315860186,0.0,0.0,0.2657536453180036,2.0,0.5260669486091737
2,Home,5429.08,5432.88,Player14,Player9,0.5,0.3,0.28,0.82,0.11331064820406456,0.7038079848959017,0.42520583250938593,0.1869053889003738,0.0,0.0,0.14858520224728872,2.0,0.58747770850984
2,Away,5448.4,5449.2,Player25,Player21,0.15,0.64,0.28,0.75,0.09928430167962166,0.6482571891489983,0.7621679604916491,0.06350653824607355,0.0,0.0,0.21286732957403162,2.0,0.5742728236117657
2,Away,5453.52,5454.2,Player21,Player23,0.53,0.83,0.56,0.98,-0.07687066322953906,-0.4029629006141645,0.6511528238439882,0.0688430424952296,0.0,0.0,0.22495674324694515,0.0,0.28902385186902924
2,Away,5455.24,5456.52,Player23,Player21,0.57,0.98,0.66,0.94,0.0883801884504073,0.9122311300851305,0.5560575509783137,0.05369860798940695,0.0,1.0,0.07694420157649277,4.0,0.718341158442912
2,Home,5460.88,5461.76,Player12,Player3,0.76,0.62,0.82,0.68,-0.0701083120057604,-0.8087236971055348,0.8395236744726142,0.07765039665062885,0.0,0.0,0.0964236519799718,0.0,0.173551150177616
2,Home,5462.2,5463.92,Player3,Player14,0.82,0.67,0.7,0.51,0.137365139834288,0.7499030695695726,0.7000714249274854,0.09131538753134659,0.0,0.0,0.11627906976742465,3.0,0.6303990486210362
2,Home,5465.08,5466.16,Player14,Player3,0.7,0.51,0.77,0.6,-0.0763949297846811,-0.625145453967363,0.7764663547121665,0.07882663572676436,0.0,0.0,0.10557179862029767,0.0,0.21464462318829197
2,Home,5468.96,5470.16,Player3,Player13,0.73,0.6,0.57,0.41,0.15975595894140548,0.7419846045567189,0.5770615218501403,0.011277455386743898,1.0,1.0,0.2069957058062684,4.0,0.709650562557812
2,Home,5470.52,5471.12,Player13,Player14,0.58,0.41,0.63,0.45,-0.045039788739830944,-0.675827126428766,0.6319810123729984,0.05377018690687251,0.0,1.0,0.10671873729064463,0.0,0.2719739510455472
2,Home,5471.56,5473.04,Player14,Player7,0.63,0.44,0.74,0.24,-0.15149616875323346,-0.5628172725498591,0.7843468620451031,0.15003679715323173,0.0,0.0,0.15422584068265804,0.0,0.14144870717585845
2,Home,5476.24,5477.16,Player7,Player2,0.73,0.22,0.83,0.35,-0.06158855098270655,-0.28541340107603824,0.8434453153583816,0.09498724651236075,0.0,0.0,0.17827412463973288,0.0,0.25178869849694163
2,Home,5478.44,5479.44,Player2,Player11,0.81,0.36,0.95,0.53,-0.12846383387387295,-0.49494595794830265,0.9504735661763561,0.15694596331221772,0.0,0.0,0.22022715545545238,0.0,0.12091797218067708
2,Home,5484.24,5485.84,Player11,Player5,0.95,0.47,0.7,0.62,0.24026232999376806,0.8733016742684454,0.7102112361825881,0.07821734845927719,0.0,0.0,0.18221724671387424,4.0,0.7338996973342237
2,Home,5487.24,5487.96,Player5,Player9,0.67,0.59,0.55,0.7,0.09078275571024164,0.6406253700279443,0.5852349955359812,0.02198171285409763,0.0,1.0,0.22609473050130482,3.0,0.6653395875841217
2,Home,5541.8,5543.08,Player3,Player2,0.6,0.73,0.66,0.54,-0.018638057135967778,0.06014086057689608,0.6612110101926616,0.0979651065430952,0.0,0.0,0.15566295972793154,0.0,0.36893748134726445
2,Home,5545.88,5547.0,Player2,Player14,0.66,0.4,0.49,0.17,0.07677055122146836,0.46721129849712567,0.5907622195096771,0.035941904512699394,0.0,1.0,0.2553633865370801,5.0,0.6747231569530836
2,Home,5547.36,5549.16,Player14,Player12,0.5,0.17,0.57,0.31,-0.0017501234019857703,0.11943830181524867,0.6008327554319921,0.053678208800219784,0.0,2.0,0.08695819912498301,0.0,0.42851071591910134
2,Home,5550.44,5551.76,Player12,Player3,0.56,0.35,0.64,0.63,-0.07332835306479801,-0.016585297896832815,0.6530696746902278,0.1437971939920943,0.0,0.0,0.22060939058415477,0.0,0.3036679616217434
2,Home,5553.84,5554.84,Player3,Player5,0.62,0.67,0.55,0.57,0.08844747539265274,0.7696717872840328,0.5544366510251645,0.06624332872070973,0.0,0.0,0.12206555615733707,1.0,0.6072932837241065
2,Home,5557.16,5558.16,Player5,Player2,0.57,0.56,0.64,0.32,-0.09168161030750255,-0.17796289168020824,0.6648308055437865,0.07766008562962058,0.0,0.0,0.25000000000000006,0.0,0.30993626380855993
2,Home,5559.44,5560.44,Player2,Player7,0.65,0.24,0.57,0.06,-0.019998016168302102,0.0377087364465762,0.7200694410957876,0.059671622233688236,0.0,1.0,0.1969771560359221,2.0,0.43069311755347756
2,Home,5561.16,5561.76,Player7,Player12,0.58,0.05,0.57,0.23,0.10338420484045896,0.6558743869663295,0.6307138812488592,0.03625471693449005,0.0,1.0,0.3004626062884836,0.0,0.57415203311249
2,Home,5563.56,5564.04,Player12,Player13,0.59,0.18,0.51,0.09,0.016823041822677798,0.22765702216333014,0.6543699259593155,0.006627254333432533,1.0,1.0,0.25086655372506755,3.0,0.5168929567700268
2,Home,5582.84,5583.84,Player12,Player2,0.52,0.21,0.65,0.26,-0.09749346218863253,-0.6402952786503203,0.6928924880528003,0.13346434317824366,0.0,0.0,0.1392838827718412,0.0,0.18678351999665102
2,Home,5585.16,5586.68,Player2,Player3,0.66,0.26,0.71,0.54,-0.008843873259263502,0.17121355194236826,0.711125867902441,0.08646192283311764,0.0,0.0,0.18712450859636587,0.0,0.38796982692656296
2,Home,5588.96,5590.16,Player3,Player2,0.71,0.47,0.75,0.19,-0.10090822243334452,-0.18308593211208088,0.8115417426109393,0.09622702427073178,0.0,0.0,0.23570226039555156,0.0,0.2575544224282286
2,Home,5591.28,5592.16,Player2,Player7,0.75,0.14,0.66,0.03,0.02167860147353684,0.23596110479657972,0.810246875958186,0.06283865848345266,0.0,0.0,0.1615076182221606,2.0,0.4585407780857608
2,Home,5592.96,5594.08,Player7,Player14,0.66,0.03,0.56,0.15,0.1498681967142237,0.9670873622564105,0.6603786792439623,0.04921899226924501,0.0,1.0,0.13946874421263242,4.0,0.736015771431416
2,Away,5594.68,5594.96,Player28,Player21,0.59,0.16,0.57,0.25,0.03524175480559544,0.45614198036392617,0.49739320461783554,0.07019137910028553,0.0,0.0,0.32926944490361687,0.0,0.5192202555104092
2,Away,5595.92,5597.72,Player21,Player26,0.57,0.25,0.71,0.18,0.06553674698405182,0.548452988067987,0.4318564576337837,0.06936663823481712,0.0,0.0,0.08695819912498304,4.0,0.6678149720977291
2,Home,5619.12,5619.84,Player11,Player7,0.96,0.52,0.84,0.19,0.06483129516878938,0.36124263494481906,0.8953770155638349,0.2235566194501966,0.0,0.0,0.4876958296131452,0.0,0.3264514890598135
2,Away,5629.16,5629.76,Player20,Player28,0.42,0.04,0.5,0.15,0.12994244014618472,0.9633659175499569,0.6103277807866851,0.06631116949654861,0.0,0.0,0.22669117514545328,1.0,0.6472812234608271
2,Away,5645.6,5645.92,Player21,Player28,0.61,0.43,0.64,0.43,0.02948983870533406,0.9841884114113534,0.36674241641784494,0.07974969153545368,0.0,0.0,0.09375000000008535,1.0,0.648979673354063
2,Away,5647.4,5649.2,Player28,Player27,0.66,0.42,0.77,0.06,-0.1472026795607968,0.06540791534803957,0.49648766349225637,0.19360482845218507,0.0,0.0,0.20912811360796454,4.0,0.39401797541725336
2,Away,5657.44,5658.04,Player27,Player28,0.86,0.03,0.78,0.13,0.059943128408951496,0.57002860141308,0.43046486500061765,0.10703141454731872,0.0,0.0,0.21343747458096549,0.0,0.5387845053327532
2,Away,5701.04,5702.16,Player17,Player21,0.49,1.01,0.44,0.77,0.09955767511549629,0.5480231579189209,0.6216912416947822,0.07436234060329189,0.0,0.0,0.21888661914522245,0.0,0.5303610473955753
2,Away,5704.6,5705.92,Player21,Player16,0.42,0.72,0.32,0.64,-0.07393970153755824,-0.5085532598340418,0.6942621983083912,0.09127636988837802,0.0,0.0,0.09701703390051905,0.0,0.24582322589320968
2,Away,5706.6,5707.8,Player16,Player20,0.32,0.63,0.39,0.35,0.06414300624526259,0.42038856801439933,0.6281719509815764,0.15185041619962716,0.0,0.0,0.24051449482773335,0.0,0.4409319170533435
2,Away,5708.6,5710.2,Player20,Player27,0.41,0.33,0.6,0.04,0.004413231155223296,0.2950086122794572,0.6095900261651268,0.19390828192730705,0.0,0.0,0.21668669779207037,3.0,0.44957430465339443
2,Away,5725.2,5725.48,Player16,Player18,0.5,0.37,0.61,0.53,0.12547150981142063,0.7556486558153034,0.39115214431215894,0.05646306491858197,0.0,1.0,0.6934459942487593,2.0,0.7062061027581807
2,Home,5730.48,5731.88,Player14,Player12,0.75,0.22,0.71,0.28,0.05725886501909205,0.8106651858907489,0.7433034373659253,0.030476774763744344,0.0,1.0,0.051507875363751225,2.0,0.6034567427503211
2,Home,5734.44,5739.32,Player12,Player13,0.6,0.33,0.19,0.95,0.1351514834339621,0.7580811668138746,0.48846698967279245,0.24142726647998974,0.0,0.0,0.15231627814875173,4.0,0.6100724169951716
2,Home,5743.12,5743.72,Player13,Player4,0.09,0.88,0.14,0.69,0.1545040093712138,0.8823775175953612,0.2360084744241189,0.06121710218558208,0.0,0.0,0.32744804507294323,0.0,0.7127385213327372
